customer_id,total_urls
000a54a8-cfbd-4424-b837-ea6d08f1cd38,1
004b19d1-5294-454a-8810-e837679342df,1
0068127b-13d1-446a-85a3-1fc4a56ee6ec,1
00ba46ed-a7fd-4456-b662-d30e9c1c525f,1
00fb3ec6-37b6-43be-a00a-e539d04ef59b,1
0122cb61-5246-466a-aa69-68a03186a184,2
01260593-eec8-45fc-b05b-6a37cdc4ce1f,1
013757a9-4bfd-439c-a5bd-7194ecfa1271,1
014fa6de-af98-4eca-a642-8a64107e233e,1
015aae34-da60-4d06-8f92-5feebeadb3a2,1
016147bb-43e9-4741-b61f-ba895eee64f2,1
01b822c6-8a41-4fe3-ae4b-aa0d64006e97,1
01cfbf6d-11dd-419f-b131-e441af47175e,1
01d97f68-a30e-4195-b088-d1d8ca95df39,1
01e905b9-62bc-4650-9056-8d2cfdf75311,1
022dbfc4-218a-4178-b1a8-901826a479e2,1
02360853-296a-4d6e-be3e-2a7783dfcaff,1
0242c22a-48b7-4b98-84fa-40b930b28cfc,1
029a1751-2785-449b-8674-7c3ed8058c45,1
02d0b855-7d6b-4746-a578-1317183c69f6,1
02d9920c-a48c-4cbf-b132-0e90ffe0eea2,1
03033731-6bb5-4a6d-bb24-aaadb19a44f5,1
03a08ded-5c85-4854-bb71-90db9c115f0a,1
03c6ce8e-ec27-4fd5-9a0f-028e41c63f62,1
03d33771-ed2a-4960-9f39-47cc14f1bfa3,1
03d834af-1efc-47ea-a842-6da4f6a20be3,1
03fc86ff-231f-4e59-8244-0ff2bd5dfc9d,1
0415117e-72f9-4bdc-a166-130b2cb88d0e,1
042c2ac1-48b1-4703-b557-8350543efdc3,1
0445877a-742c-4ca0-a2f8-b8b6f18bbcf0,1
04568592-5d75-4e65-8312-4bfdb3974b66,1
048b189f-a4bd-4421-8a95-97f80aea42f0,1
04de46d1-1e0d-4c39-af29-9183b2e3be5b,1
04ea36df-5256-4bc1-ae39-7e0d6274ba4e,1
050e4614-6869-4d06-96f7-1cf67492da75,1
0531f980-6be5-4b97-b2df-9db9836c4453,1
05dc1e16-e3af-46e2-8f8a-d0ca0335b4b8,1
0630b480-c6c1-4ade-a647-568023fbdb58,1
063da040-7769-4be9-b148-939dad21fe78,1
067f90a2-b469-4752-849d-173c5fec5a60,1
0699999f-555e-440b-a13f-bdf57e883ed3,1
06ade5f6-7a79-445d-abe7-7dbb36849ed7,1
06ea20c8-23cc-420d-878e-72cbd15f8e69,1
06f0987b-488a-4aa2-a94d-83472cfc0604,1
06f818f9-2447-488f-8eb0-ff47b343f31f,1
071495a3-6262-4b86-9dca-aef96b61584f,1
071884ff-e90f-41ac-9bc2-0296344f4b60,1
07958182-9558-47f6-9cfb-b1992f55efc7,1
07acc0c4-569c-4abd-bc62-53f2ae8b783d,1
07de40f0-a10d-4339-b8c5-fd69ceb927b8,1
07fbe71b-ee51-470e-bd82-deb8188f6124,1
081af2b3-e58d-4811-8064-941a1beeffed,1
0838e9ed-be70-45d7-906f-6b7cb3280229,1
085b4cf7-d057-4665-b741-aa58d631235e,1
087e8f22-3308-44a7-842a-9b7ce7a26a18,1
08953288-6a1a-4858-9c4d-065e5f8882be,1
08ede3bf-9f5e-4161-b096-fb8d66587193,1
09506b94-ceb0-449e-a18e-2131c1cd8c64,1
095467f1-0e63-4c9a-9f33-17728e094da9,1
09a8c0cd-713e-4383-aafe-6939bb2aa733,1
09c17c9f-76ef-4ef4-9373-dd1c996a05e8,1
09ceb6c1-bc6d-4994-8d39-bdf1221b18be,1
09f810a1-71fd-42bc-be5f-1062fc821576,1
0a068da7-d52f-4588-a31c-3eb33d4f9d43,1
0a143a83-33d9-4e2c-ba8a-1a79f52dc014,1
0a197953-9038-463f-bed2-2da71cb72bc7,1
0a529d40-b3b0-41d4-84c7-173080449bf8,1
0a6fb94e-4bdc-4661-961c-191a423d27a5,1
0a74793e-546e-482e-9d20-219bc6b0389d,1
0a7d8c62-e84c-4e92-ab33-e30a7b81ef74,1
0aa572c0-9339-435a-bfa7-7dfafe9cd810,1
0aa72c1c-db44-4c8d-83f9-ae2dab4095dc,1
0afa2c31-0874-4ebd-ab89-15dadca99f5f,1
0b178467-e7f2-4275-a607-75f91defe305,1
0b248345-f989-4c94-9cbc-c99e644da7af,1
0b2e1adf-dc23-4f4d-a2e8-5d1738cbdfe3,1
0b4c34c4-a47e-4903-bf1e-bc6c95506f56,1
0b8da5ec-1fd5-4d78-87f8-15ee489d09c8,1
0bab0d76-c5c2-4e6d-9e62-9a6f15d38a0e,1
0bb174e2-cccb-49af-a79d-3d0a00785494,1
0bb202c7-4dea-4330-974b-22fd0c2a7d57,1
0bb5b909-a0ed-42b2-950d-e7944187477f,1
0be42c1c-96ac-40f0-ae1e-857ff92cdde6,1
0c4243e5-db7a-418f-9946-a99f08edcb57,1
0c528055-86a4-4df4-b490-6cd7047f280e,1
0cd119f3-bca6-4d71-ae4c-3bcb071159c6,1
0cdc075c-4582-4544-b9ac-925063ad6ad4,1
0cea8f8f-3571-44f2-bf33-57f97ffccbad,1
0d07ef33-3532-446f-800b-7564051baa4c,1
0d10355f-0fba-477d-ac0b-91b7d4e16cf9,1
0d156ab7-ef3d-4180-b5aa-ede061a4aad9,1
0d608672-33e0-4a5a-abe8-240e5f2b1583,1
0dbb2bd0-a5c8-44b3-9d8b-95865269edb9,1
0df0b5b3-b790-41ec-826a-45f036866ac3,1
0dfe64c0-ef53-4fd5-8836-f089c668e0f6,1
0e10fe64-9292-4a15-a9e1-ff510d8b131a,1
0e2f4aa8-4019-42e9-a2f3-6fe9943023bb,1
0e4fb53f-22d8-4234-bab7-5e54e2d07d87,1
0e58e549-692c-4b79-b80d-13cc61b29e59,1
0eb6ae32-e50c-417b-855b-0f7bdbe66c9e,1
0efded31-2154-490d-b882-404047760e72,1
0f47bfe9-81ca-4708-888f-ad6491297d10,1
0f4bfa14-25a6-4b07-ba21-ad95fa9e83ca,1
0f912bdf-6e13-45fd-a1d4-da41c54908ff,1
0f982890-c15a-4328-949f-09c190fdadc3,1
0fc2277c-9451-46dc-99cd-89f67b23c788,1
0ff36c11-1c9f-441d-9f84-7dde5f91c26f,1
0ff9dc28-c9e4-482c-a6f8-f1b2a51f7f69,1
1000b7c5-43fe-49d5-b5ed-1080990f8d45,1
1039b123-3817-4f74-bc0b-c90386654bfd,2
103a6fa3-3a85-4036-be1d-b0cd14b0ff10,1
1060defb-b913-4ccc-b97c-8e0a84987c6b,1
10971aae-60a0-4227-90a0-12e4f08a27c3,1
10fbbbf3-2b67-4ecc-871f-c503787f2499,1
11287e93-6c25-4618-8c6f-e485c45a55f3,1
11633b9a-843c-405b-bb71-a1854c6f430a,1
1184d6b9-fe67-4a07-82b5-c65ebde48298,1
11aeda5d-da4f-454f-94b6-0fdf0631e79b,1
11d84d5d-a228-4a90-9daf-514d9d819ee7,1
125688cd-6112-4a1d-95f0-981216ce504b,1
12585495-7e23-4c9b-b207-864a5341b846,1
12593f7b-7176-4a70-aa5a-89c072a327a0,1
126139df-e649-4490-bd9e-0a091ba34822,1
126e89f5-5303-4e3c-8e74-9cf8afa37b2c,1
131e6027-903e-4e70-b992-1406893c9ece,1
133f5845-7292-4edd-a855-8accb87c4c1f,1
139d7c3b-b69d-4bc4-bf05-a1128081477a,1
13b17329-a9d2-4ca1-b66b-281e2f9b257e,1
13d8efe4-7a87-4979-8480-c84fc3ec875d,1
13e1c4e1-23eb-46ca-819b-9f7a52baf981,1
1429a4e0-131f-40f1-b940-483990ddf3b0,1
144be7d1-e11f-496f-9faa-71572fdc674e,1
1464fe32-5d1b-4d21-97a2-68fe02e1058f,1
147b0dbc-eed2-4fa6-93f2-c7d39cd55354,1
147e8010-bef0-4dc9-aba7-f827e3d2ac8f,1
1498d4aa-c89a-4796-b93f-403f86dd68c7,1
14b7ff5b-f8d1-472b-b224-92195e2d2365,1
14bf10ae-12e6-4339-89ff-a676e6d02753,1
151023c6-0d85-4a71-ba70-5cca2d87c35e,1
15125cda-3db4-4dd4-b1b9-3ea32000022e,1
154ce5d3-c92c-4a8e-9378-1eb921bbfdc3,1
158e902d-c37a-426f-8d3f-ea4593e44145,1
15b88bf1-dbc5-4823-a936-216a6f4dbe59,1
15d9ffbd-e6aa-46ae-a54e-65ea12ac673c,1
15f5039e-fbc5-4d56-978a-b275000616f8,1
161c7934-83f1-4fe2-a844-670fdac097d8,1
162d120f-c4a6-49ff-a41b-348b3d1ac3c4,1
1636f016-273c-40fc-b645-8a51b11a8970,1
166c288d-5410-4957-a974-6742922aca36,1
16fbdb89-be2f-4bae-abba-f7f5faf7af67,1
1734b5a8-1b9d-4bd8-9aef-9471e3519754,1
175c435c-1671-41c0-bfd5-fe6598ae963f,1
176793dc-6ed1-4bd7-a525-f43bcb61c605,1
17903c8b-18af-44be-a608-f71e8447ead4,1
17977a8f-454b-4d4a-8730-06a1f6cae852,1
17accb74-2e89-4703-b8ff-b1ad31158e32,1
17add118-258f-4658-ab08-14ae58b8a9b1,1
17d6944d-b656-4812-95ef-ecb0878eb1ab,1
17f68e45-ea96-466f-a2df-57c335db8407,1
180df024-25fc-4c86-a078-78842a43bfa3,1
183e399e-d7af-4aff-8402-285ecf529a59,1
1841a6ac-f16e-4db4-bdb0-4abcc9dbb52f,1
1856df63-1f39-4b6e-b83d-b73067018c0a,1
185d3e0c-61f3-4806-afa0-ee5f4f63818c,1
18640ae5-1234-47a2-990f-75a2a020eee7,1
18744b93-9596-4653-ba08-f64041ca4f09,1
18c25d8c-807f-4dc0-a08e-cfa25e8351b8,1
18d9659e-232d-4a00-bdfc-d48e037b1abd,1
19467a8f-93b4-44a3-a9e9-d9385d80f500,1
19852041-2bdd-4bac-adb5-2f55990f45c8,1
1989139d-6bd1-4b09-a763-f8a5d6d0faaa,1
199188e0-6561-422c-be8e-dae3a8905003,1
19a80448-bedc-409c-9e9c-d80c784c878a,1
19cb430d-e0c8-4ed9-a0c7-edd073edea3f,1
19cbaaae-e330-41b1-be24-ca46326bfca8,1
19f4e5c1-e6bf-4a90-917a-dba56ebf85f9,1
19f980f6-a979-40c5-b78b-c0318d1da130,1
1a1b7542-2435-4954-aeba-328beff29936,1
1a2fe050-f261-4497-9343-2687499fff90,1
1a4fe19c-3417-4e79-a852-3cb74d252a85,1
1a67b8f9-60b8-479b-866a-8d1cd4a51900,1
1a7c46d3-2d79-4ab0-90c3-9c2f388025b2,1
1ad7404a-a411-40f7-bca5-ea222b157ddc,1
1aec8fd9-86e7-4f4f-935d-b2b6af638376,1
1af1ded0-a18f-4aec-803e-03d4114dfc40,1
1af8d6c1-e4c8-49f4-b4df-ea1ba9fd1041,1
1b14715b-4076-4621-8e88-5529484eb34f,1
1b1d47d3-902e-491d-89e1-d09ab0b4e927,1
1b3c59ee-a614-4fa8-85a3-f677a588c980,1
1b79c3e9-7abd-4c2f-89a0-cb02344500e0,1
1b84e5c1-40b9-4017-a31f-fedfb76d4e8f,1
1ba085e2-ff28-4880-b226-34f2c8ce5350,1
1ba6cf9c-7603-4473-9bd7-669756ef4a7b,1
1bc23984-439c-4842-a417-e19670405f54,1
1bc66599-7281-4ce8-92c8-342ebe30c189,1
1be96846-d1de-4cb6-ae1e-3f710c350ca6,1
1c0c6288-ac4d-48f3-8ab5-95e9578cbe60,1
1c13878b-4d57-4697-9248-d39d33894e62,1
1c1826e4-55a3-475c-86dd-b837ed9ca756,1
1c1a2f2b-9de8-439a-961d-578466faf9c1,1
1c44f9f9-c05c-467b-85b0-deb77e7e92e0,1
1c47a16c-d8e4-4ec1-a6ab-c53310ce33eb,1
1c6baf66-f175-4527-a66f-374f28897bf9,1
1c857ad5-c8db-4baa-8e10-b34b62c3e4a6,1
1d3cfbb6-6fe5-4152-8144-1d1086635ca0,1
1d3d3a14-bdc6-4651-8a41-31e8f9c9f02e,1
1db0dc7e-71fa-47ec-8adb-2cb528eae000,1
1e03c226-9d24-4d15-8d74-1b8eb259302d,1
1e7db8a6-6498-4920-828e-1201b20af2dc,1
1e82e523-de62-4a5c-bc07-8b3cb4950621,1
1e9c18e1-2fc0-458a-a88e-9e4215eb5bbc,1
1eab5400-1ba7-40ad-b314-bdcd76865e9b,1
1ecca914-1d96-449a-8ae0-2366bdce4a02,1
1ecf8a92-6ba1-4900-bb4b-c1e24311d1b7,1
1f56ca78-b137-41fb-9cef-bf8e8f1cc046,1
1fa7a0e2-e252-4a40-9d6a-c0f8d11d48aa,1
200f0d67-3e80-4910-a4c9-990360cc5497,1
2010c35f-0b1f-4be9-9235-9d12281f6e5f,1
201d54f2-8f90-4e3e-a372-dcd64d217552,1
2037cb2d-4a9b-4d8a-88ad-645c21d3bd67,1
2040444b-3514-4dfe-a622-f7a1261bc0b4,1
204270c8-631c-49b8-8ab9-c05b9d4c5424,1
204658ce-b402-4cfa-8d9d-0509251f31d4,1
2046f7f8-ee0a-415e-8312-9348d1e3e685,1
208f79d6-6587-42b8-9070-14b13eb63487,1
20991324-35ac-4ae0-84a3-6b01885597b3,1
209ad2d4-a138-4b02-99b7-eed83a542df3,1
20ca7edb-e69c-4af4-a40e-bb163d33f8e0,1
20e8a6ee-d51b-4f7f-9dd0-65697e67c38c,1
210ec69b-5c79-4ae3-9708-73735a482f9a,1
216c1149-1a1c-4cfd-831e-009b3cd9d662,1
219cbda7-49ce-498e-8188-e00330981912,1
21c1c2bd-ed25-4538-a931-991b3cac4606,1
21d12158-4a70-4008-a05c-889da1bf1b0e,1
21f47b97-f87c-42e3-a605-0fca01b6802d,1
220c4d01-f6a9-45cb-8bf2-450f84e558a5,1
2218f1d1-f8d0-4a79-bc11-6a5123289977,1
2264d2c8-3e2c-4639-8afb-8881aa12394c,1
22a5c5f8-6c6d-425e-b1fa-16a5ae33ef8f,1
22fff31b-9442-48b8-a969-dcf80e58bfb6,1
23071c10-6293-4ff9-a5f9-f79e89a1a271,1
2307b5b8-81b7-4d15-8d6b-b028b73b5706,1
23254918-c3fa-4714-baeb-e8b8a8247421,1
2331c13b-1d33-4e23-9279-6b52a29391db,1
23363ff1-8973-41d9-88a7-7f13699d5ebc,1
2349fe08-76e5-4541-8bc0-1a80c8b14479,1
2378154f-35f1-4d29-80c3-8f3fdae4cbef,1
23860a3d-ad75-44cd-914c-91746e7315ad,1
239bf11f-fb7f-422a-802b-cb96cd4171a9,1
239e959d-787a-4d2a-98d7-471ba35371cb,1
23d9c81d-bb9c-433a-aea4-b73f90425f31,1
24011c67-5938-4b13-be7e-9c22e0bae821,1
241cff1c-ec06-4afc-833b-b2bf10f7785f,1
242638b9-9016-4c05-a927-86349fa6cff4,1
246a01db-6e79-4d4c-a753-b88bd62a2733,1
24a5f79f-0011-4187-9fba-a44bde6e1e3a,1
24a61813-1e8a-4ac1-965c-49a6373cd8a4,1
24b68794-2a2d-4852-a3be-8635a77b02a0,1
24d37fe6-3821-4aa9-b4ad-8b9207f9ce39,1
24ff2cbe-ba44-464f-891d-6428d13ae7bc,1
250bdb9a-1eee-4548-ab25-bb5363e1ba1a,1
253c542c-c24e-4f54-ac0a-4f46a7f49aa2,1
25f779c5-647f-4ff6-83e3-346417169560,1
25fbb934-24f7-430f-9209-087f544bb47e,1
261228f9-6441-48c6-9509-9ae1305da3da,1
26538598-7026-4e62-929e-64c5794658b5,1
26896f32-80dd-44f3-8c3b-fd8f37b1aa3c,1
26bb64fd-dd93-4e30-a62d-1c9d245d0ebb,1
26cdd724-ff59-4f25-94eb-e4c04b2c8dce,1
26ce04a7-8d57-4cf7-ac45-53c573e62c45,1
26d4c756-ead4-4fc9-a499-1872b7d864b6,1
27328856-16c4-4fc3-beef-c2afeb19210c,1
2749d976-c6b4-409f-9831-6fd4ff8e64b1,1
27a90ab9-8c43-41a9-bf0f-39e2c68ee285,1
27ac8b7f-39c8-409f-86dd-1ca12d9c9eac,1
27c26029-6b4a-48fa-99ec-b1a33e93560a,1
27eaee60-bbf4-448c-9ddb-3e045f2b3c8d,1
27ec432e-3387-4c1c-a23c-03d73dedf2d0,1
27f1a27c-b381-4d5b-9d41-cb1356396b0f,1
28665817-bdff-473d-8165-94bd0dfc92c7,1
287038de-635b-40f8-9d36-3251d48090c0,1
28758a07-c5f0-4949-837e-101821f269f1,1
2897f174-d812-4c98-8cae-4b457d9a0583,1
28a13d03-827f-4585-8bf2-db161b1f4ed0,1
28aaea85-67f9-4918-a47c-a6cc435f514d,1
28b38e51-74bb-4d6a-b8ea-df2611d29b2d,1
28dacc00-f01f-49cd-b023-60baadc51b6d,1
293402e2-a7ef-45ce-a484-75404fe0b694,1
293b649e-014c-4736-bf9b-b4348ebdbe84,1
2942b887-3367-4477-9c73-82f838ab58d5,1
294b55c8-e0e6-4667-af15-97a82478d896,2
29558ac5-fb37-4c43-a3e8-e39999f2662d,1
297a9844-a0eb-4c59-85e5-dbbee0f739c4,1
297e415f-c2a4-498d-b9c7-b170120d5801,1
29851d97-6a65-4af4-8bff-243708a34e8e,1
299a92e6-659e-4902-8be0-efde280ea111,1
29e7b08e-3744-476c-ac50-e951dd49fadb,1
2a0bb3ac-329b-4f75-aa3e-d124c6a0c242,1
2a2dbf8e-2359-421f-b315-519614eec437,1
2a398af4-a4b0-4abb-bad5-0f1f823fa359,1
2a8f6880-86d9-44c8-bb42-2e9b75d29dd0,1
2aa2b8d5-4d45-43f1-b534-46abf6b84716,1
2ad3475e-da2d-48f0-9570-d18717649d85,1
2ade1d70-6937-4430-981a-d444eb0e036a,1
2b44d3f2-94b9-49cb-bcf4-2b6f3a5d490a,1
2b785fba-cd30-4668-9b57-63f6d853908d,1
2b9e9cb5-9c6c-44f4-8a38-ba478503b4a6,1
2bac237f-80c8-44a3-99f6-2d2caafe7df9,1
2bb0d17c-3d44-49de-9290-3366a4a7fd08,1
2bb29877-b9f5-4577-9b1b-b527b516f81d,1
2bbdc72e-dc3f-4900-8525-446ef255f511,1
2be7c880-a640-4e89-af13-eb1385dfe35f,1
2bef6b5e-63af-4488-8b43-363481191732,2
2bf46130-0dea-4395-b75b-adb9e50f8ea1,1
2bf8299e-56f7-467d-8b8c-2e210f5fd958,1
2bf9eb0c-7e36-491a-928f-e24555317258,1
2c08e961-d017-43a2-af23-f707a0281f37,1
2c0c06b2-bfd7-444a-8627-54c8ed232fa4,1
2c1cc560-0099-4f58-a6bb-4390ac28264f,1
2c3a966b-0bd1-438f-8dcc-97893d369e62,1
2c554ad4-cae6-42b5-a1a9-56ec829c9e20,1
2c94bb0c-baed-407a-aaee-5f9dcea6abfb,1
2d04ea58-e5de-4cdf-922a-47f2ff78a8a1,1
2d051058-9226-49ac-adfa-ea9562a27269,1
2d19969a-a35d-452c-b67c-bc44eccb46f9,1
2d1de878-1a98-48f4-953e-939c936e860c,1
2d5591cc-3276-4261-be7d-8e2624aef85f,1
2d5764aa-434f-463c-aec6-8653c88a70ff,1
2d7a5bc0-46fe-4034-b7b9-7a8b488c3939,1
2d85f293-4816-40fe-ac42-7c0f3ea75b48,1
2de0b044-633a-48e6-b036-033a836686d1,1
2decec32-c7d1-444b-8212-34c1a759e84b,1
2e21c790-463f-4518-b39f-82fa20160843,2
2e425ee8-598b-4895-b00d-d22dcf7e2d3c,1
2e62a65b-2018-42b1-bae0-c10022eb6adc,1
2e9713d7-afb8-4d35-a177-29e8fdc31f58,1
2eb007ac-f6aa-4796-9fcb-b1051e1056b4,1
2eb1b75f-859b-4132-99e0-17d5b7ceb4d4,1
2ed71b06-c85b-420b-ad26-823f3b9c1c59,1
2eea2c81-56b0-4d55-90b1-79583cf08a81,1
2ef4f33d-7c98-4f48-9fff-1c07f4f8431f,2
2f2c5905-9f5c-4178-82e3-35fb297c5cba,1
2f41ae3b-cb36-4f1a-8758-6927a982dde0,1
2f4ae1df-61fd-4e31-933d-824c77cc17b3,1
2f71ffa4-7d3b-4107-96b5-825031d9f49f,1
2f8146de-1626-4ca0-8c7a-cc7b62fb985f,1
2f963427-90d3-4546-aaca-ab9a99544379,1
2f9abdb0-9225-4e8e-a462-1291cf25fb0b,1
2fb04c41-46b3-44e5-9edc-9757abb842d8,1
30067713-f23d-41a3-b165-a715d64ba2f6,1
3041ae51-3fad-4950-857b-a2ae08b80271,1
30b18ed1-63b8-4a8e-9ac4-4ca7241a6ceb,1
30bb6bca-78ba-4fb2-9d33-5a84b337d42f,1
30d82e06-4bf8-4c4f-96fa-5ba9b316cfe2,1
30e7b383-8acb-46ba-bbe8-c6785caaa4a7,1
311ef7e4-857c-4bda-aed6-6c5e40c3ad4d,1
31b7b243-25ae-4648-aab0-0d5fa4b99404,1
31e46240-ecda-4ff1-8cb0-597ed84c66e3,1
321cfa9d-3f37-4d7b-8ce7-2324dee67acf,1
323f66eb-c6f0-4222-826b-51b78240111e,1
32861227-594e-4cc3-a7b6-302a9c90382a,1
32887b35-20b0-47d7-8c13-b9d38611e799,1
3298421e-2bbd-46d1-8cd2-c3af961c1764,1
329eb1c6-2d6a-41fe-9a06-8b2d39cb4627,1
32b15455-8f02-4f6f-8c35-af5f30e3ab27,1
32e16d0e-612e-4cd1-95f1-5dba139faf2d,1
32f262be-649d-470a-8056-d515e27b1f3f,1
32f92227-3945-445b-894a-0f9b3434277a,1
33ac662a-f0fb-46d7-b099-8e7ad7c007ec,1
33b6ecb8-6445-4835-a6f2-353926d55b92,1
3449209a-4817-4b4a-9fc6-016463ef63be,1
34b0b488-e049-424d-a0cf-c3f506a51d20,1
34c2f91c-68f8-4ed3-abc5-be3d8ca7637d,1
34f08372-c720-43ce-ae2e-761b3e85ca87,1
3506ac3e-8194-49d1-9003-c13a80333830,1
350bc6c8-a56d-4a33-89da-33222712c76c,1
35771f65-5fa3-4758-b8a3-d719497df81e,1
35b24bb8-1655-439b-8614-761858bf23da,1
35ee0587-459b-4465-b2f6-d1d48d223ddf,1
35f93100-e5e1-49b3-8247-1fa385bfce67,1
35fbd40e-44e0-4f7a-8644-4c12cf9460a4,1
360b2d0b-6cc5-4368-a7c6-d158bbff950a,1
36114c2d-d457-4b7c-877a-d0f0942fc1b5,1
3647da56-5947-4dce-affd-1f822724875e,1
367b3c3b-7841-43b1-b0b7-a82c3f79c64c,1
36a0fd4f-0288-43e9-b994-47fa71823abd,1
36cb4265-e690-4b30-a3fb-81a0c38d0a93,1
36d2ba1d-e588-4038-b375-45e786347f53,1
36e35dd5-eb2e-44cd-93ba-da2fbcf49494,1
36e717d2-3c4a-42eb-af08-438734712b9c,1
3713e5ae-2f25-4747-84f9-87971f2d0fe1,1
371c3855-214e-4783-ae9f-fe97782596a2,1
373b5baa-4e90-44fb-bfa9-ff79797c223d,1
375a7ae0-2d4f-4293-b90c-b453881f65c4,1
37668549-f44a-45a5-a32c-98b9d044cacd,1
377c766c-10f1-451f-b9e3-86dc0939f111,1
37b738f4-212d-4641-b4e2-0c3e54e64818,1
37f5903e-6107-4140-b629-4663f3825057,1
37fe5c96-9dd4-4eec-a72e-d8f6eb40169d,1
384c2a53-b376-46b5-9a63-a3d28ef1b6db,1
38755732-247d-45d6-832b-62ebc3f4a1b4,1
387bd390-b6a1-4a4a-80ed-5c8bd6f4fabc,1
3916e6dd-b5da-4df7-9055-45428b84d3dc,1
398cb12b-db9b-4939-bccb-48f4f75ba46b,1
39b7a6a9-5c94-464f-84d7-ebc746613614,1
39d172d9-f5ce-4e02-9396-febe5db65b02,1
39dbb03f-ff6f-467f-9f09-0c68167cd682,1
39f7f3be-244e-4dfd-9626-d7babe39dd1c,1
39f92848-d936-4a95-b375-21a1b17f5ab3,1
3a01347c-85a5-43e5-a536-4f73744e50d0,1
3a02657f-a857-4108-8842-d648bf1e23b7,1
3a038191-3056-479b-abbe-195683cbb8b1,1
3a191348-c66b-4216-a083-110edf196b57,1
3a203a4e-2057-4fb1-b2fe-14550056e53e,1
3a33a1b1-b55d-40e0-bd5f-cdff9a81311b,1
3a33ab3b-702c-4096-a7b5-8ef0ad8caf17,1
3a51bfba-9385-4a20-b705-ecb59a1e8a1f,1
3a601873-9f96-4af7-926e-1b440a785fce,1
3a702378-de95-4b1e-8332-d332d89e9cc3,1
3a79157c-d8f5-4495-8cb9-95237b0ebbd5,1
3ae15435-8e9d-4515-841f-385925eb61e8,1
3b3545d4-b52e-4695-94cb-3113203725b9,1
3b5b25e4-e1aa-499b-a87e-d69d4a344c77,1
3b6a664c-41b2-47d6-856d-39ce338dfccc,1
3b81f909-3677-43eb-aa01-ccc0daca9085,1
3b99b3c2-fd9e-4248-bd01-f3ccd974d48a,1
3b9d0692-3dbe-467e-841a-f4bed616eb2c,1
3ba3b444-d830-44df-bc2d-660e795dc72c,1
3bb8fda5-bc46-457b-bda2-b074b536cd8b,1
3bd34eaf-7374-48e9-9326-c0eb854d53d4,1
3bdb49a5-4050-44e9-8341-b89dc374dd83,1
3be523dc-c81b-403c-95b5-60fc9b2a61e0,1
3bf5ff74-621f-4f34-810c-b5ded572a554,1
3bf75836-38b2-448a-a442-4596ab690725,1
3c1c6b01-8fa1-4617-b090-225ee202c720,1
3c200d2c-1834-4409-b6c3-02aa7465a28f,1
3c2a8d51-dce4-4552-b2dd-72eba41b22fa,1
3cc2b3d9-4a68-401a-8931-8dfc454eb053,1
3cd0b2da-130f-41cb-94b2-11101f59f61c,1
3cd0d1cd-b085-458b-a55c-62c33625bbeb,1
3cfd8537-32d1-481b-9d05-90e2658b54a5,1
3d32555d-1c78-420f-a5ed-1c649205e197,1
3d34fb18-0d81-49d4-b291-1c1163b677a3,1
3d3cdc34-7f78-489c-b7da-c08968fafb8d,1
3d5afd10-0b6a-4bf9-86cd-b162dcefa588,1
3d7d0e5d-7eaf-4206-bac8-c53bcc898998,1
3d7e3d9e-a7a1-4be0-83c1-3ae24e83e7da,1
3d845928-d620-40dd-be1c-e0e630d5527e,1
3d89f623-453e-4abc-9e7c-e9ee925071e1,1
3daa531a-6165-47d8-b857-eb6a5a723209,1
3df2a7de-bd3c-4b77-a9c0-153147dac181,1
3e30e9a4-1ea4-4297-892b-4a26d67c23df,1
3e319a1a-24df-44b6-b085-89edb4b15fb0,1
3e4e4b24-d430-4249-83fe-68099bc43680,1
3e5fb4d2-e7e9-41a4-a005-6ac84130dc1f,1
3e9c673a-2729-470f-ad0d-e547b6767f3a,1
3ea399b0-81e7-4a2b-898c-d0889ee229e3,1
3eb81cd8-7e8e-4f1d-bf20-494d6bc98661,1
3ef9829a-2706-4192-9673-aa973dc81be4,1
3f6f7b84-431c-4fe7-93f3-728e136545e1,1
3f903a85-2566-4162-ac84-fce52e4f0576,1
3ff611c2-3429-4c12-a762-5fdcf1f50b47,1
400bfdf3-5897-4f0e-9281-35d89854de49,1
40717b11-a2dc-41ae-a1c9-d92364041670,1
40762c3c-2a4f-40c9-b815-ebc3b504b262,1
40866bba-56b3-4bd4-8129-35dfd19cc2e7,1
417940f6-f416-404e-a873-b42a9b2da9d7,1
41da68a1-ab80-49d5-afe8-3f13500aa835,1
422dfab0-95f9-41e9-af51-8e16422c04df,1
423b8345-03cc-41be-9938-0a3b3917da33,1
423e189b-f60a-449b-89d3-cc8a37f7de4d,1
42511e39-1593-4e6b-9c89-0b5dc56aba32,1
4285d08d-540d-4c7c-b9e1-7f1081762a6f,1
4291ade0-7e57-45dd-a3a5-5b526e6f2f48,1
4298fc43-ef5f-4fc9-904a-f4311ff0953b,1
430cc186-a9bb-4ddb-9920-6a2d82a0e2db,1
4320af9f-24e8-4e0f-8bc0-5e0aad56c290,1
435b88a9-ab69-4c04-ba95-ab15ee401920,1
43c76bc3-79ff-49c4-ba13-0cc778c05637,1
43c792c3-aac6-4d2e-aef4-f8ba1ea070a1,1
43c8a4a1-44e4-47b8-ad80-950093158a44,1
43df57f7-1aad-4da1-8ed9-f0f691ae1034,1
440f0e4c-ab5a-43aa-bd3d-39232f18612c,1
442e3b98-6dd2-4806-8b1d-1dc5f56d84ab,1
442eb5bc-77b2-4a11-99f9-d711a5eaacfc,1
44516441-89c7-4467-a82b-ba8bdd2c3f04,1
445354ba-f72a-4abe-8efc-cc4650d69dac,1
44683c13-d5aa-41d9-8c2d-5d9ae4bf3b09,1
44740d4e-ea88-4362-8543-2a35d0c2a9b0,1
44a9169a-52ad-40c7-ab5b-779588bdeee8,1
44f6a49c-b017-4d97-acf9-5bcb41eeff6c,1
457c3e33-b6d3-4864-a7b5-e574637bbdb2,1
4594e901-86a3-41c9-97ba-5f9a80dd8d74,1
460463f2-14d7-43b6-a6ae-bef4123e0fe1,1
4605c320-1f0c-4416-b353-da8850c5f931,1
463e94c8-de79-40bb-a270-0660593f6673,1
4648a055-a0b2-4012-92a1-b9127b0341a4,1
465d0096-6b9b-4e1b-b830-5ecbe262946f,1
46749110-3c90-4910-af7d-c69aa0c2159c,1
469486e6-6e9b-425d-915d-47eb001ffec5,1
46a51801-2868-4d29-909f-fb68c995fbda,1
46d6796e-71b8-4c76-8f59-76ee0067c139,1
472ad6aa-7e54-43d0-abb0-ab69e211e912,1
473677ad-cbc9-4011-b4d7-ca15dbef8caa,1
4736fabe-bb41-4413-8819-fdacdbcb3e56,1
473a7472-c731-4fc8-a477-97df8057ffd1,1
4742bb1f-4538-46d3-be80-03e0e5889529,1
47745af8-743b-4a3d-b579-eef4b9a2fe66,1
4783712a-0f6c-4955-964a-eb9e09dc2860,1
4791aa07-7a32-4f89-8235-59b93b907497,1
47a48c27-0cbd-4f54-96b3-ec2728551023,1
47cc8b3b-6435-4ca2-8ea0-18086481dbf8,1
47ea233b-f7ef-4b45-a798-919ebd8ef3b7,1
4839fbc9-c20a-41b7-b230-7bfd12e101db,1
484c0ad5-f397-4871-b945-65a1f6763dd5,1
48565695-e852-4a6a-b134-6a82d9ed749c,1
48b33e09-67a3-46b6-a41c-4526e28e63c0,1
48f280cf-f893-4aa8-bf1d-ae62c700fc23,1
48fde6ec-1c04-4878-9254-d984d1189182,1
48ff4101-e3b8-41d2-bd64-14ce38adcc76,1
490130e3-0dc3-4a3c-8acc-9b911fde54cd,1
4934a58c-fef5-4cc9-b44b-94c37526f47f,1
49ee3cd6-090c-41a2-b2ae-2ff3eb66fa69,1
49f93425-7f45-490c-8e0a-f53afea8ab8c,1
4a3a45a5-c19c-4dca-a709-3e4907f8ab49,1
4a9b9653-d18f-4eb2-a162-0f2691bef08f,1
4ac898ab-d7b5-4f3a-aa46-55c937def0ba,1
4ad82a55-39ab-40c1-8850-b75db89ed27e,1
4b47041b-1508-4d97-9941-a36d7212d498,1
4b55d679-5b88-4714-9d8d-686d4f130405,1
4b5ed8a4-9fc6-4b21-9653-6499c9929f88,1
4b6249f4-c168-496c-bbc6-338c848e1d85,1
4b62fd54-73e0-487e-b131-69ae9aaa7f66,1
4b86a119-dc98-4aeb-ae65-8c45e7e48c10,1
4bcfaf02-761a-44c0-a383-6ff761da4d78,1
4beb7fc2-bdc3-4d30-8979-0d48bce6f417,1
4c2ecba1-d0e8-4ea5-a1b5-9c40f0d49d17,1
4c5ee4e5-d7b3-474d-9a5c-0b6f7c162d3a,1
4c5f2636-ef28-4586-ba7a-2afc464f935d,1
4c62c274-8874-448e-b3a0-f949b86b54fe,1
4c69658e-2798-4ce3-a0f8-e5405dd82810,1
4c74a684-f5e9-41f4-a7c4-6cabf8a1acb6,1
4ca8d874-5aa9-47d9-8dd2-7313853956bd,1
4caf1249-7258-490e-9ca9-c1ad676a0e33,1
4d287e82-9b65-4cc3-a568-a5291d744fcb,1
4d4ac407-b28b-4993-a27f-aae16e74f795,1
4dd56505-94ce-4940-8b3e-324409f1e09d,1
4df091f8-0b23-4fc2-ae6a-fca292e10b42,1
4e42f137-84da-4c14-97ad-ca957e3f33b6,1
4e59d479-6b1d-4714-9049-db1229af91f1,1
4e7c0e0a-2e88-46fb-9b4a-b2b4a8f12b6c,1
4ed276a2-2e58-4bd0-9393-21e164e3a96d,1
4eeddd52-b930-4e06-840d-87afd01387ac,1
4eefa7ed-b6cb-4b23-89f5-e2aca4afca59,1
4ef35c48-d366-43ab-b773-e30d1dc0946b,1
4efac10b-c483-44d5-be03-365f85e1858a,1
4efd9881-2d39-4065-9dbf-151304e0ad9e,1
4eff81c0-846c-4bab-abe8-07ce2f7cafbc,1
4f00a4d8-6ac1-4397-8193-f7ea7efb8e6e,1
4f143775-d096-4e32-aa5b-4b888abe0787,1
4f19eb01-1d08-4901-bc56-a6f0fc92d51d,1
4f5464f4-ff20-4a7e-a7bf-f91c0f1ead11,1
4f85daf8-46b3-40c9-8ddf-e13ffd3a9425,1
4f962b48-46a4-439a-8457-0c62076ee6c1,1
4fbb2ff5-4aa7-421b-a725-c483fe60c81b,1
4fbcbd6c-a49c-46a9-8642-649682387f03,1
4fc38987-2ddd-4300-a673-07cd9f5979b2,1
5010512a-b2fa-430e-885f-125d739e8d43,1
50307828-b7ad-4069-954e-a49bcfa2c047,2
50796be4-f3bb-4085-931e-3212e8b6bffd,1
50f42926-0871-43a0-a865-531eec15951d,1
510c316b-ad5a-4cf2-8006-c994beb04f64,1
515d7203-f028-424b-9450-407bfb8ce3a3,1
51994aff-714c-454d-b2bf-15d3fd531b23,1
51f05f88-9d91-43b7-9eb3-c2c0646fdb24,1
521a8dd7-e569-464d-b3a1-7dd1ed8054ca,1
52469d5a-1be1-470f-898d-7b3487385f49,1
524f5161-790d-47fe-b1b2-7cc1623f76ec,1
524fc6c7-b841-49a1-8f86-7440b77c6956,1
52909f0c-5cd5-42e4-93d1-c475047b820d,1
5298a223-1be1-4571-a479-b308ed7c363d,1
529be714-ed36-48b2-a780-26f6077fb877,1
52b71b24-d3a9-4307-a0e0-fd4930a2463d,1
52d0fb6c-9b56-4b68-bd66-59965fcea69f,1
52d39e79-988b-4f4d-86a1-23f74bd2002b,1
53067f35-6152-4e08-ae41-68158835d16e,1
534f0c78-27bb-44d1-90a7-efd5e604e0fb,1
5374c471-d2a2-460d-b562-1859bc905464,1
538750ed-91b5-4690-9e7a-2227960b2f44,1
53b7db2e-6252-43f7-a7a9-891a5352b8b9,1
53c7405c-8a87-46e1-a69f-d78c8d8187fb,1
53cd588a-2550-4d9f-a0df-5062d73d2c9d,1
542c7fa5-cfa6-4600-92b2-072433931657,1
54dca8d7-1d18-4e4d-ad0b-e7dd041e4924,1
5516a46f-2cfa-4d37-9642-424d52ff45c0,1
5544d107-2e9f-4fd4-ad4d-70187901e741,1
5586b110-5b01-4b99-9a43-74a6c38f6df4,1
55913db1-8732-412c-bc9c-cb83251b48e6,1
55b3db68-a184-45d1-b2c1-ed536aad5de7,1
55d11eaa-1a7c-42bb-9ede-b6408efb377e,1
5609db88-8b64-4ca3-88e3-e0acf15cf1ab,1
5610adf6-48a4-41f6-b466-5821e4920516,1
561d5c9f-078f-49ee-a1d1-61c3dad0ff3f,1
56387447-8b57-48b8-bc85-844f4f91c8a9,1
56711a45-768d-4df2-9aa0-9e3efe76d116,1
568df6e5-34a8-40f1-bf2f-66dc2b401fba,1
56926e6e-6358-414b-8a9d-14a00cb578d7,1
56b8c380-2ff3-49db-9c64-804a3c7a27f6,1
56d64288-6a1e-431d-aba3-e8649dbb6ad3,1
56f563d2-2cf7-4122-b898-be852768e4ad,1
57252a3c-92b1-44ad-95b4-38ecb5095ca3,1
5733c315-4c8c-4272-8bda-5c4ac78240c4,1
5769e832-cc66-4560-b87b-c7729c99b17c,1
579338a8-d695-48f7-9d44-e1585c0ceafa,1
57a86976-c83e-4e63-9287-62742af2d53b,1
57f2c112-70e1-4490-887e-95e5728dfdb4,1
57f52d25-ff3b-42f4-a9b7-439fc67dd3f5,1
58184fd4-7eba-48b1-8c47-eab42b05ffbb,1
5835dff6-ccf3-47d9-84c8-7d67927da407,1
583fd1b1-1f2f-4a4f-af2b-cc866206a382,1
584a981f-205d-46df-aada-c1b38567e321,1
58c025b5-aed1-4f2b-992d-9c85c3ed65d0,1
598f90a3-1e03-4fec-b035-6e04be331574,1
59a76787-8f75-497f-b6e4-4e1c6d97d420,1
59c4e247-2465-4da3-b83d-5d9eac544a47,1
5a45db9a-0da8-4114-80d5-bb69d69694c0,1
5a47f536-bdd8-497f-8175-3de93b3c5068,1
5a85725e-939e-4ec2-8057-cdd44fb3ff1a,1
5a924817-25ed-4ce0-81d1-1afddb000dee,1
5a97b11e-b93c-4d4d-ad8a-b3b3c9d7d404,1
5a9f1dd5-d33c-49c5-997d-da386fb4fb42,1
5aa1ec1f-0f0b-4e7f-ab40-5b842d17fa49,1
5ab720fb-f210-4bd2-ad43-541ff318aa92,1
5adb6ec6-6be1-4473-8add-75979665e3ac,1
5af31e19-2ca3-4cb0-91db-d41eb3e988d5,1
5b0fe971-16e0-4173-9c8b-f69e781c5f0b,1
5b95775b-b016-4835-8e88-23fefc5c4cbe,1
5ba227e5-3dab-479d-b5cc-426b06ffa73c,1
5bb52637-2529-4091-8be9-2d8b1da04b62,1
5c095870-3e38-48d2-9380-12953c0e19f8,1
5c0a1fc2-5f73-4801-a6aa-37a2d7ffcb13,1
5c0e9507-835d-4161-9e0e-c22e3b9b9049,1
5c1b1a8c-3167-4df9-a2d0-14359e515813,1
5c5427a2-f5c3-46b4-a4ce-a41b669718ea,1
5c564a48-b069-43ec-af4e-1b64dc69554c,1
5c6a9992-30f3-49d3-be08-8392982d59cc,1
5ca3a1f3-ad51-4c0a-9ea1-7a6ef698f7e4,2
5caab7ad-54d3-4987-98b7-d2c898e81e97,1
5cc118b3-2112-4345-8db4-648eef7b4110,1
5cc17948-d90e-4435-9f8c-506adacbf926,1
5ccf6b5d-1012-4548-b04d-7267a7dea872,1
5ce762f9-1b75-45e5-a2cb-9b072e5d66fc,1
5d1940b6-7a78-49c4-b09a-a91d7041e4d2,1
5d3655c7-5d3a-4a16-ba66-f338970283bf,1
5d42b18d-99ed-4493-93a2-2fe6fca2d5ac,1
5d5d06dd-3ab5-4080-8abe-4264d8e04f20,1
5d62ad25-918c-4403-be2b-f082ff78c112,1
5d65decd-c895-4f80-a080-1907756585f7,1
5d6da57f-1f19-4b4e-bf39-8503fd3e461d,1
5dbd4bde-faf1-423c-8662-2dfaf1ef53a0,1
5dd0d451-336c-45c3-9b9b-2dc01e0fe6f8,1
5de1d611-d096-456b-903a-1f319cbf4373,1
5e1af9c3-c7c3-49df-841b-e4731e4b1bd5,1
5e527990-bfd0-4166-afa9-619673897295,1
5e539fa8-98d2-4d36-8589-fdd4465b61e3,1
5e5bc7e7-2c0d-4e29-9bba-6cd6c3242e5f,1
5ec396ed-5341-427a-b58c-79eaf835a4ca,1
5ecacab6-9037-4b8f-9fc5-3e86b1149444,1
5ecd3f48-a555-4673-bc58-081933939f2c,1
5ed7af0d-830a-4719-b9ac-7b18355053f6,1
5f14f1ee-43f2-4dc7-8a9f-22a97c2e14d7,1
5f274f58-7470-478a-acba-eaf0e241e054,1
5f8f30d2-1156-41e6-a750-4631a48b05a4,1
5fa1f023-c16e-47c4-879d-657e37da3588,1
5fa39c51-9504-4164-82c8-05bf875e9930,1
5fadcf72-bf37-49a6-9c45-6fb8de0b5263,1
5fb3c253-1a3b-4851-9f9d-5c496f6ea736,1
5fd7d61a-3495-48fb-9cee-6d2a48327d83,1
5fea1549-ecb1-406c-949f-b03db05ddf2f,1
602598b2-6957-4d3c-ab74-bfda9b1df678,1
60293203-78e3-4aa1-9731-7af68d018cc3,1
6080b972-8933-4c0d-bf0f-1e9c34d0d16f,1
60d065c2-828c-4914-ab17-ae07e28ba328,1
60dd8d28-5cda-4208-a554-2eab29f3eca6,1
60de2700-0aa6-4539-8797-d473a4720278,1
60e502b4-0c9e-4f31-a268-eb8a60d701bf,1
60f75733-803a-4a4a-bb3d-ba42e9983cf4,1
60f8adc9-2e86-4455-a670-c99b5039b43c,1
6120b231-1f17-4502-bff8-18bfa46ff993,1
613693e9-1255-4f87-bc94-74450e3b05c8,1
61413441-aa76-4759-9bdb-3d7e8fa80d27,1
616108c8-41b8-4aac-b98f-2a6ac62ac997,1
61bd396c-8df1-4d12-9798-74a8fe54942f,1
6214d1f5-8587-4768-a6a1-6b219f445c12,1
627c014f-a9d5-4922-bd66-cb4b296b9df3,1
62d1ec28-a9a5-42a9-9a06-d4ff6b20a84b,1
62e55c5a-69cb-4b56-88e4-2d7f01d061ea,1
631c5ad9-5a2c-4503-8d01-849659efbcf0,1
632cadca-973f-4079-a8c0-5a72c28a337a,1
633db68e-efc4-4b02-9a1e-f442f4a18e30,1
63421d92-553e-4bab-bdde-82eef9eef2ca,1
6378cae7-3115-4dbe-b0f9-3f8fa3341853,1
63871dfc-ea5d-4e97-9172-4e2238c80940,1
63a74735-3cd2-4a45-bb95-c9f303ec42da,1
63b98519-8836-4628-8d3c-70f30a839134,1
63e99d8f-2255-47af-9049-7ed85412c569,1
63e9d4a1-14cb-403f-8189-85f59ff0b9be,1
63eb84da-e500-4af7-bd76-2a7d802bc0f0,1
63f242bb-8198-497d-9ba0-72a867dbae85,1
641c8152-efb3-4100-acb7-c918d090677e,1
64211e06-fb39-4c42-8aaf-93f3c2584684,1
6433b591-eaf5-452b-8a8d-e4b76878decf,1
6450e63e-9bc4-4591-a601-f0ae6bbd7903,1
6454ee54-8893-4544-8e85-f25d93df8d1b,1
646b0ecd-cfb1-4b7a-a913-4556016a3b80,1
647d3338-8d1e-4680-9959-c6ca757ec9b6,1
64b8bfd5-2cf4-4ea8-86ae-17a21bf6655c,1
65106b74-f2ce-4b5d-9e61-4f8ab4145e53,1
652ae094-077f-4498-a0a1-d11a8c90a70a,1
653bcd60-4bb9-46a6-a87b-87c3969c9593,1
65599481-b526-45fd-8bd0-ba05cfd25373,1
655e1d0b-b008-48b7-ab20-ae7e744f83fe,1
6568ca6a-aad3-4dc7-a540-bce90fc44371,1
65803d98-ce75-45e2-b94a-5fd60a236dcb,1
659e9074-976d-4452-aeb9-006f8a5b5538,1
65a98bd0-b9e3-4a78-84a3-9918e4c7aafe,1
65a9b3e3-0090-4b8a-9869-0b4ca12d8ba8,1
65c512d5-164f-461e-a2e9-5ae02c27f89c,1
65fc7731-c142-462b-a582-7dff32189ac3,1
66727e80-071d-4b70-841c-78f8e23e2a67,1
667e57b8-458c-46d9-a6c7-6a91d57b02e6,1
668f1b5a-6db0-4e88-9d94-27e0dcf413fb,1
669090f3-33fb-41fa-ac7f-bcb8de8dd0b6,1
66a69dad-9ba7-4804-b911-cc32e5b95a97,1
66a9ac7c-a162-4bae-9a22-0e3d55d6e49e,1
66ac7f18-88d7-4fe0-ae7a-005168ea1662,1
66ef22d2-ce7a-420a-95d4-39985b128c3a,1
66efc3b3-2e85-42ae-8ea0-ecf01f55ddf1,1
6747d8ad-fa0c-4820-b184-842c03a7c2d5,1
674ab23d-38ab-413f-ac5a-87a94e65223c,1
6753e4c3-d661-4bbc-ba67-7662c2ed0c34,1
675cc187-2a39-4f44-a0df-cf84e1c2f45e,1
676721d4-93f3-4ed4-8fe2-0cbedd0a9641,1
67bbe52b-7372-4d60-9c4f-7c8a92bf40c3,1
67bc969f-e3f6-4610-af81-80f51d9a280a,1
67ffa4da-3d7d-43ca-9828-cd37b5677adb,2
68336341-afb2-45f2-a469-2befec663c3a,1
6875111c-94f5-4e7a-8e2e-9d8cb4355333,1
6884c009-6b61-4495-bf0a-22daf62bd0fe,1
689c8fde-28c9-4b0a-8607-42dc92252ccc,1
68b0e958-b899-4c58-af9d-5999f6323ab1,1
68b79f43-9fc8-4335-8339-b5c765cee3f1,1
68f2664a-aa85-4e10-b998-7d7d6b47dd1b,1
69a06bcb-768f-4a16-a6ec-b934e65c927e,1
69a081a5-619e-49e8-823d-c815e7e97611,1
69c9aac0-1b0f-45c1-8773-d14ef6063f12,1
69cdc6db-86d2-4b51-afb5-dc9c1b0a2271,1
6a05233b-0eae-4b86-9b4b-d26cef72a519,1
6a0dc713-6416-47fb-a8f9-53629322f223,1
6a118d15-2098-437d-8e2d-9fa2216c265e,1
6a2d2cd0-afa7-4ffe-92ca-0bfbcbc8d7ea,1
6a30184b-7521-4b9c-82cb-316b350d9299,1
6a49ab9f-260f-42bc-9326-b49048c360be,1
6a5d4700-f9df-42e1-816d-5299a86d9741,1
6a69979e-3f4f-4edb-9699-58139cf74a3d,1
6a6d7f45-f440-4a9d-ad2c-141174c956ae,1
6a8831d8-f50b-45a7-b697-04121835e5ac,1
6ad518e4-e2aa-4006-b7c9-a478a346868f,1
6b1e304f-5eee-4303-8f02-48f379d518a8,1
6b729a20-6a41-409c-9afb-0f9c3fd1b45d,1
6b8115b9-9dc6-4d89-9cf4-c1d0057c00ec,1
6b9107b0-dac8-48f8-a9ae-4910eb03562f,1
6b94a075-0a34-4330-9913-fa4e16fdd216,1
6ba1b92c-f783-4509-bcb8-d5345cf40392,1
6ba488b8-0c70-4cc5-9b7e-a9ce516c89e0,1
6bc0a9e4-55f5-4c3a-8788-cf6e19bed49d,1
6c648ab5-0f6f-45fc-a172-296f8ea8e72e,1
6c6d4b20-c8c6-456f-9c2e-b21b0112f6f0,1
6c6f2d69-0c5c-4c7e-bdea-2f5fb8329fc3,1
6c8889d6-1c8c-40bb-9a4b-776ed1b68300,1
6c92b728-383d-4f3d-9dcb-c298300222c1,1
6caef9db-445e-450f-a06a-d8a42a929089,1
6cc92c91-4861-46aa-9ae7-6773a18ef0eb,1
6ce0537d-9292-43b8-9858-0e0e8178b7eb,1
6ceef064-bd07-41da-9dd9-434f5a923fdb,1
6cf8bb29-22b7-4c1d-8659-5895034f2e52,1
6d1af3fb-6ec4-47af-ba94-e9a392abb142,1
6d22ab27-53f3-42bc-bae0-c4dd2e6878d6,1
6d4a462e-d4f3-4f00-9123-7246e150e066,1
6d57fca3-ba61-43f1-9bda-67ea2602cff2,1
6d595483-d0b3-4eec-a438-1d481be2cbff,1
6d92759b-44ca-4a6e-a3b6-f453f1d149cd,1
6da64d47-9cc8-4091-a727-19f52e71e1f3,1
6da71ec7-e93d-4302-9244-b9f56574d18d,1
6dd723e3-ef84-4df0-9470-29da3f97c7ef,1
6ded9fb7-9c94-493c-8a80-1490a3a391d2,1
6e2c68df-c7c1-45b1-b26c-311332fff530,1
6e3c6a11-2e2e-4a86-8c4e-cd8ab5419f4f,1
6e4388b8-3c5f-4130-a466-a7386ac59b07,1
6e60b028-a956-4b15-b6ef-b41d24a4bc36,2
6ea22103-e279-4cf2-8f9b-0d705196c293,1
6eca6051-b732-4afa-a6e3-6b90d92091b9,1
6ed26636-1bd5-4dd8-994a-b0037e861e15,1
6ef3a171-3436-4866-9f25-345a8a3d8c99,1
6f0580f3-e444-4d88-bb2a-64a1d131218d,1
6f0700f6-64c1-4c5f-a4dd-5f364957603b,1
6f0b6335-fd9e-4c3a-a38a-68b0f3ad0f1b,1
6f124b6c-5cda-4a1f-a610-be5504b44a20,1
6f1904c9-041e-4288-bf39-40af63d56e69,1
6f1eb06f-e1d5-44ce-96a2-2ad40cc8c738,1
6f5699ee-fc7e-4b52-b9bc-3e9a9522df3c,1
6f87379c-346e-4a21-8abd-6d2edbce9a7b,1
6fc43ec2-b2f5-4e94-b8c3-3d6b3a34ca82,1
6fdbfead-367f-4990-9ead-db02a5b6ddb3,1
6feb22a1-aed4-45d5-8a20-720ed62bed36,1
6ff85117-b0c1-4f83-b1bb-d9d798dbca54,1
7001524d-2040-4fd2-a1e4-e0fb1bc7a71f,1
702c1043-7c06-4db7-a07a-41390011ae45,1
7034f54d-b5d5-4629-9811-e46db678c912,1
704c8246-1761-4cc2-96b5-462e0bcbdebf,1
7078709b-da17-440f-8595-2928568b2c37,1
707a5f47-718e-4c4d-b38a-f68d4e8333bf,1
707a80e3-313f-4621-bfb7-005ceb11ad09,1
707e6a02-924b-4233-be11-8a23bc17c4b9,1
70a11c0c-73b6-4ec0-b8d7-bf7764ace44c,1
70b509a6-debc-4cbb-a402-182054366c90,1
70b6ec44-3ef2-41e2-8de4-79c5a05f8ca7,1
70b7429e-18e4-4792-8319-b070bb989a25,1
70ba2128-ff04-451c-a190-1a8b57018d1f,1
70bc89fb-872a-4671-99fb-87f3da277bf0,1
70eae16e-45d8-4027-8a84-b10d39b512a0,1
70f7126b-6587-440e-9d71-f8157012a693,1
71040cc5-3a3a-47e4-8873-70c54f5b4e5c,1
712bd9e2-9328-406b-861b-dcf64c3c0465,1
71439d36-868b-4c7d-8f91-d94bbc282528,1
719266c5-ba35-4162-9b05-3fa8f8a72f76,1
71aa4bc5-f7b9-4538-a6c8-78c04be632c3,1
71b0e05a-20a3-4272-add0-86a10308d8b2,1
71b0e86e-665e-4206-bdeb-65a32728f1e7,1
71e385e8-7f4d-4ab2-828e-6afe1b053b3f,1
7208802d-3585-403d-8a68-9e2888d22dd3,1
726df126-2c98-4011-925c-2c33946df111,1
728281a4-76bb-495e-b031-7df92f5d4595,1
72a63481-0e6f-41e0-9e98-087d61819bf4,1
72e47392-5e0a-4f39-a3cd-0eba26ce1045,1
733f85a5-f86e-4af2-9ea6-44cb6021f471,1
737133fd-fa94-4baa-b01f-73f569d6b4f7,1
73759832-14f6-401d-a4bf-f834fa069147,1
738cf00d-83ee-4076-b946-ddd9b753a586,1
7390e720-6520-4f98-bccb-d71a3a54e8cf,1
739d1688-5acd-4967-9870-441a8deb6a3c,1
73afd8ee-c4cf-4ac5-a0b4-0e0c77ce06e0,1
73f16ccf-a3a0-4e26-ac60-4aa0f500ef81,1
73fb99c9-4a72-499b-a938-030d42b3401e,1
740593ec-c585-4928-8b63-72d0ed2ff465,1
74138ae9-6322-4f21-93dd-7a98d306d464,2
741a9dfc-8d19-40bc-8f8c-bbcc30d59d3f,1
74274f7e-9b84-4ed6-91a8-1181bfe75db7,1
745065ea-0921-425b-96d8-73bc721476a6,1
7487eaf5-dc3a-423d-83fd-4fc835e3e1fe,1
7492d56a-c3a7-418f-adab-518404b43f5d,1
749fc24e-8151-4322-bc94-bda0764c215e,1
74a759c7-a157-4712-b8db-76759c901fb3,1
74b1d790-eaa1-4f8d-b7f1-f11fbc63f99f,1
74bed917-b261-4561-968e-6ac698f6ea75,1
74c78e17-37cc-485c-ae1f-1b1d65f21d4f,1
7512a4b2-7be5-457a-b094-bc7c36277431,1
751e9231-7916-4ddc-8345-8b14004b8630,1
75419e4f-1b6a-45d5-8017-cb1517fd5bc8,1
757ef092-526d-4b6e-a9f9-13f55f27120b,1
75ad49a5-c3c3-4fab-953f-a074af594f13,1
75d7f467-8cf7-44dd-a5c4-2f31f7592deb,1
75f237df-2724-4e66-97c4-2869a57455df,1
763d8661-6b55-4cce-8dc3-1adcb2246f19,1
769ec4db-0093-43a8-b2ac-0e6fe7047baf,1
76a65ffe-b03a-450c-83e0-676f314e5111,1
76b8f526-5fd0-4359-ab2e-775200b56bb4,1
7705c36a-7c9f-4942-9788-a695271779c3,1
772c1db4-b073-4a7b-901d-8a3d40e81d87,1
777fc28f-93ca-45c2-9dce-64bca3458697,1
77b8940a-f9e7-4c09-9626-dca705a4fb7f,1
77b8e23e-d2ef-4d83-b37d-3bb235809058,1
787146cd-aa82-4af8-8a2a-07719cdd494e,1
78c21580-8479-4f1d-b851-e08aacae0c03,1
78fcb6a9-0d16-4c0f-b9de-4f2756de5ff1,1
79083667-06b2-43f4-b886-2a1b2b36f32c,1
796e2c17-6524-402a-9e83-b911d0c02bdc,1
797b3e68-7619-47b4-a97b-144d94144021,1
79de5a24-34a6-43a9-8810-f8b0de3a7c60,1
79e82efa-c4d9-43e0-88e9-1ab1d5b74452,2
7a341dfa-f299-401c-b3d4-f4cd55fdafa1,1
7a4046ee-a635-4794-9120-0fecb730b56f,1
7a462c55-a369-4e85-b038-dce4d3c4fa5f,1
7a52a126-a970-4a41-b739-1d2e430ace20,1
7a78b53d-97a4-463e-af15-a82e26507d9f,1
7a9422af-6b85-4198-8f00-edbc3cf0fade,1
7a98b3bd-26b5-4bdc-99e1-548fedef418b,1
7a9999da-2648-4e44-b14a-2757e6d9c5ae,1
7a9d73f9-1334-4b87-9b7c-42ea329741fb,1
7ad84ca6-fbf5-4673-a9d9-c03ae4abb046,1
7ae3b4c1-1da6-45c5-b55e-19da49d35188,1
7aecfa24-d65d-4d19-a8a3-c6177bb63214,1
7b05de67-cc30-496b-b8fe-077744921d22,1
7b0ce527-11d5-41df-a1a5-8a726979c8fa,1
7b28d996-6e8f-47f9-a317-85e0100ca6ab,1
7b35e660-e20b-4238-887f-4de0271a459e,1
7b492923-0276-478b-846c-2d6b771ac89c,1
7b4b9806-e88f-41ca-8975-7268a121fab0,1
7b5bacfa-3f82-4be0-9c21-1e53e7cd8885,1
7b6b51ed-c7b7-4422-b827-3aea2218aedd,1
7badf800-7692-4152-ad33-23c283401149,1
7bb9b602-43f5-4281-b0a3-08adcc9f8b93,1
7bbbd0e4-2de1-4566-bd65-8e6e56ef7dbf,1
7bf08070-da46-495b-bbd1-bb7bdb001655,1
7c256162-3031-4786-864f-920926a2f1da,1
7c40a12c-5445-4fae-9f29-6469fa455f0f,1
7c5af6d0-3db6-4f03-a715-a81629878884,1
7c7a6a8b-98e8-4804-babd-eb1579f2e726,1
7c827b2a-625d-48d3-b2f2-cbc568c0afd0,1
7c82efb8-12fe-45fd-b3b4-e5c77237b507,1
7c942473-7da1-4e60-9349-5475395ed71d,1
7ca5058c-b11e-453f-b0d7-d1c280a728ab,1
7cb16f30-22d9-4f45-b797-c1e77c2193fd,1
7cb3d133-fb9e-4fbd-b01a-342de0938a1a,1
7cf80753-a876-421b-b9f1-a95453cd4ea0,1
7cfd34b6-8472-49c8-b294-9ef35f3f7285,1
7d0173f7-d71b-46d7-80d7-163b5fa32dc5,1
7d1333c4-6ea9-41a2-9677-1e7aa4b39c59,1
7d992231-ccf3-461e-a17b-53eaca4a67f6,1
7d9e6feb-9dac-4ca6-ad00-f5e7a75f5777,1
7dbce3da-4747-42ab-8503-adccd371e2ca,1
7dcb8455-1976-4217-957f-2551993b857a,1
7e045d75-68f0-40bf-a87b-92ccb89b4d47,1
7e1faa0b-6fa6-4aae-ba29-d4efb8c4ed10,1
7e2016fd-2299-4137-af72-063621e0f10c,1
7eaaff90-d6c5-4816-a843-405d7bae23c9,1
7ec7f9f3-334e-4bfc-ac69-0b593b2ea033,1
7eda7546-c604-4c7b-8f11-f8a4e541922e,1
7f3eaa2f-8f7d-4a7c-a200-4933dba89f0b,1
7f687a49-93e8-4464-80cc-79f3202d37e6,1
7f6bc3a5-1ce0-4a4b-b903-a195e85c4d86,1
7f850e42-1840-43cf-8025-f605d2aab1dd,1
7f978ef3-0e7c-4dda-947a-fb8f3ac123c0,1
7fa1475d-1a07-4e22-9dcf-baeae264d061,1
7fac6c98-ddb4-4e5b-bac7-334e93e6c521,1
7facc416-cdf2-4970-b962-c81e9938875e,1
7fd5d238-ab59-4fdf-81af-dac614bda94c,1
7fdbca86-9038-468c-8702-6edb93866628,1
800672e2-37f3-42bf-9c6b-2febf09e75ed,1
8024ad5a-d27f-4e15-921d-8915d7f6c119,1
803d8e3e-2756-47e5-b252-17efb5bd51de,1
80418694-8c07-4034-bd87-43de6f0a3ddf,1
80d2d439-b3f5-436c-8d01-b7ad47d4c800,1
810ef6c2-efda-423f-b797-75a07f617b2d,1
811c68da-14eb-4326-a90e-4da38ff7adbd,1
812d5d69-ebbf-453c-9d5f-77f827427de3,1
815984f8-49b6-4f72-a6fc-b0f0868d6c4d,1
816a1a35-12d5-47b8-8482-ba66d0978863,1
817d611a-ea8d-4f87-a58f-ca30b2c66ded,1
819ba424-2f82-4678-9ecb-2499a6a6577c,1
81fe0e82-53ee-4440-8008-65c7226ee13b,1
82083edd-1f91-46b5-98f2-70ba9f3be3b3,1
820dc676-faa0-438f-abaa-5c28a5bf1c65,1
821a3510-49fc-4e78-b05a-ef78a1022a22,1
82780f2e-e452-425a-8c1a-290f0b22e11f,1
82db6022-3e23-4f37-b4a8-6c986e876c58,1
82fa7ebe-0a7d-4823-b0b4-4a4c3c4c1938,1
8389dea4-d3d5-42ae-8e65-22ae6e5f9dc6,1
839987ec-1d6a-402b-aed5-ed9305a325b6,1
83c77a2e-3af6-4ed6-a9aa-4b5d47030028,1
83cad398-9088-4838-b1de-b0ae42a6cd5c,1
83da2977-9556-47ef-b4a7-593070d574c6,1
83e3e38f-24d3-48f0-8671-54e2231831b9,1
841e60a8-a91c-4db3-be94-d24ac903b20a,1
845b602c-a667-464f-97e7-986d05a33cdc,1
847ceb87-f9b8-44d2-81df-aca2fbd4de3d,1
84b2dec1-8465-4200-833c-67e69b559c07,1
84d5c4b3-12fc-4c19-8abf-c34aa1cf68f0,1
84e068a9-dc24-402f-a7eb-4f9a74faebd2,1
8516d4b8-7c52-4ecb-a666-0ff4df70305d,1
8518c1b6-8a15-4278-8dee-633497e4f3d7,1
85354002-5f29-4669-aad0-323823ab341c,1
8547f88f-b546-4886-a238-3410e26bf4ac,1
8582032a-19c2-4759-88da-fafeaca6121d,1
858eeaf6-8ceb-40e4-9f53-b5c38c47a70f,1
859dfa0f-0b76-407b-b90b-34f54cfe487d,1
85a25bac-3d2b-4e4c-8036-8274032eb079,1
85fbfcbf-e67a-4d81-865d-26b99d207678,1
86243e59-dfd3-4790-94b1-47b7d4159992,1
86271444-7914-40e5-801f-1ad94fbd287e,1
863be5bb-844e-446f-b56c-b99aa5ae05cf,1
864c9fba-faa8-4c6b-bea3-c53bc7bc9127,1
8663fe05-e04e-45c6-878b-45ca97dc84de,1
8668cd72-1ae7-4213-8566-e5c4da2dbc36,1
86a23687-2407-4969-b395-893627b94f5f,1
86c06b51-a688-4763-8475-add0754b3093,1
86ca29a9-cb3f-4ea5-acfb-7504f135ae4b,1
86dbb64b-b5ab-465d-808d-9e5de3e09d2e,1
8716ccca-25d0-475c-984b-9137d29ad783,1
8737ac07-6703-4ba7-838b-bc779d2ecaf6,2
87a38b59-91e6-47cd-82e0-e4faac2ac439,1
87b6c218-68ac-4537-95d1-8e3443624cca,1
883259b8-7eed-4696-9de4-9132e2376430,1
8874a123-f6e2-4b9a-b885-42d3b6272989,1
887c6fb3-1a23-49e5-85f6-3c650934462e,1
88ae50c6-27a0-42db-b657-3dd3ea16187f,1
88be39da-0477-4429-8855-221804691db9,1
892eebcb-fa79-4e62-993a-899844122673,2
8975dd82-5fb3-4fc7-94bf-4d4bfdf0f2b8,1
898503cd-1c53-4477-b5b6-932a89ddc1ce,1
89c48d52-1df7-4fd2-abae-07f8cba4ac46,1
89d64164-e764-4183-98e3-24e78dc7c0e6,1
89d97969-884b-41bf-b84e-9f24ab75c614,1
89e2fc29-a145-4468-a9ca-f7fd10879e7a,1
89e9a657-472c-4354-8630-ef1ca0e68028,1
89ea3f9a-a0a0-47a4-91aa-e2b6af58a7fd,1
8a447ea5-c5e1-444c-829a-458fa4f7fa45,1
8a494177-188a-424f-ac78-fb39a31f8a67,1
8ab85873-c617-4442-9f5f-5caf1ca2ea38,1
8ac0bbed-7cbc-476d-b177-37eb79113527,1
8ac60141-a46c-4d27-9a79-437dc54e4b5c,1
8ade0aa1-a18e-4659-9e49-4cdcdd5b178a,1
8b035b09-06b2-43d4-ae5d-c22b75df0be2,1
8b161a8e-02fd-42d4-bd97-af86f53c60e4,1
8b1b1456-f6c5-4edf-9edd-86fa213875af,1
8b723721-cf2c-4d08-b9ca-2cfe14edf683,2
8b7ab59a-4313-4a5d-b18c-958cf5b3621e,1
8b8f5694-ce56-4f1e-ac4c-4a0eb48cdd7d,1
8ba71042-7190-4088-bc62-f1d005698ac1,1
8bad9d82-bc1a-430d-9e0e-408d1f783066,1
8bb8c708-3a9d-40ed-beaa-38fbb1a173e5,1
8bc5efcf-ba82-4676-a351-5676840165c3,1
8bcbfe1e-3485-4552-b5a1-0957db1b8b27,1
8be44ff7-48e2-4a37-b53c-3bb493ec496e,1
8c0afd70-65dd-4dbe-bca9-f8d86077a80a,1
8c327144-4af7-4da6-baab-d74bf9d6b61b,1
8c6e83d3-5662-4fb1-a8d0-f6293995e8f7,1
8c949734-87cb-44df-afbd-b7deb5691433,1
8caff73e-a87a-4a70-a8ef-92f027e95031,1
8cc31459-3586-462c-9280-c2042907b296,1
8cce565c-aa81-4261-8403-e1964bcf51bd,1
8cdeab47-e540-4013-a2a9-5e3dd2117981,1
8cf41aaa-042d-4c81-a423-c6a3ec3527d5,1
8cfaad8c-cd75-4705-bc94-506936b9a90b,1
8cfb5535-6d51-4764-a38e-8c2e4182644d,1
8d29cf19-dc4f-4b75-93b9-2754c03d97f0,1
8d35570c-cfc6-4e52-9d19-b857496c84e6,1
8d542779-098b-4f12-9f26-59772463ce34,1
8d6cd987-4544-4930-9215-438f0328c66c,1
8d8d67de-3a6e-448e-b4f3-a0869cbb4a72,1
8dab4c5c-c9f9-4699-ab30-e338ee69eebb,1
8dbab986-a82b-42ff-8006-e39c138710fe,1
8dbdc4ff-a4d8-4699-945e-bebbfdb2f478,1
8dbfa3d5-0154-4ef4-8ff6-3412c129d410,1
8ddf342b-b8ba-4110-975d-c35d20790235,1
8df86a8f-8ddc-4ddc-8b06-c6ea310d4283,1
8e03e1eb-5226-444e-8bb4-3f19dac933ff,1
8e0befa1-8ec4-45b4-8228-f055af567c71,1
8e135481-a339-4563-91b1-e50682aabb0a,1
8e2ee57d-eed7-47a0-a4cb-6b802f3c647f,1
8e666089-77ea-45e0-8727-37b5e8460ef6,1
8e825e52-0b8a-4881-a0b7-e12ff7628e16,1
8e9732a9-3b20-4777-a78f-d5b6a32da4bb,1
8eb63714-3c32-456a-9259-ff062da8db6b,1
8ed3c934-51a0-47bb-9712-a6f8ee0b1605,1
8f0e6001-68f1-4113-86e9-c250581ecb63,1
8f2418af-74f3-4846-8a73-fd66e31a6ff0,1
8f292664-be7f-467f-b084-3ecf81277821,1
8f359811-b847-4497-8717-98fe7f2d023e,1
8f3905d3-fc66-41a2-beb1-6d9014bcf743,1
8f41604a-9df9-4dd3-b45f-4071c5e4209c,1
8f45ccd8-0d31-4abb-96dc-26490b777389,1
8f505538-d8c6-49e2-946c-a355499d1ed6,1
8f6eabb9-6384-4064-98fc-6dc812c8796e,1
8faa98bb-81d4-4550-9c1b-4f30d340588c,1
9013e518-4ff2-4d27-b4c1-eb68d2bf65f2,1
903c8943-3de3-48a5-9d49-136f49123559,1
90428e6b-299b-44e0-8fb6-2ca227de99d3,1
9066ee9b-1932-4549-b774-f6697695e3fc,2
9077d960-1f6a-4f1e-a4ab-ec9c558fb03e,1
90a0e857-84a8-4377-a14f-e0e237048ee6,1
90ea1f0c-933b-4805-add0-a8693522adf3,1
91488a6c-5446-48d6-af6c-86531d4a8b44,1
9187c148-97e7-4487-83b8-706804995712,1
91b34784-623b-4de2-8ee2-17254dfa4d71,1
91e00101-65fc-481f-9377-2848e83bf46b,1
91e7c9b0-672f-430a-884c-81a66973c47b,1
920f4f9d-6f0e-44ef-9442-eafe925e41a2,1
923dcf17-a0a2-4889-a368-14dde77872e9,1
9277f12a-abdf-4c7d-b170-c3a8c8200b4f,1
92cc11cf-d6da-4cf8-b4ac-95674e9e58c4,1
92dcacc6-3993-46bc-a155-68c3b779fd29,1
92e6bc66-69dc-4805-afe6-9c16c6334a0b,1
92ed4be5-8a72-449f-a2aa-a303b175731d,1
93011461-66e4-4116-95b3-877e4101e408,1
931d5213-1555-4047-a952-2b64bbb13384,1
933ec807-1ee4-4e37-8463-1ba94171c3b5,1
934112ab-307f-441b-8075-fd5dd43df83d,1
93481bcc-bcae-4660-990f-f2d13dc91a56,1
93a2f2b2-cbd9-4955-804a-8a173fcf7a83,1
93b4a6b1-175b-45ee-9b67-408b777db4bc,2
93fbe6d0-aaff-4154-ac2d-d0b80bdfc78c,1
941e82c4-688a-4296-824a-b7b0543c5315,1
943b1db0-5023-478e-b565-4f4087f2803f,1
944b6e89-c2a1-429d-b1dd-c32c5b1fda63,1
947cbf30-4384-44ee-ab96-c5ac3cd02c25,1
94878905-cddd-4bb8-aa81-03b9cdce7314,1
948e1d8f-2507-40f1-ae4a-1968c052e890,1
94b762df-0dc2-41ba-bff3-691cbc57f46d,1
94d0af13-e342-4507-96e1-d724f636a745,1
94d9a682-9e13-4ca2-adb7-ccf0d84142e4,1
9504adff-7d1a-4e27-99af-c8797f2f6397,1
9504cbb0-9422-4d3d-aa0d-e7b81b343374,1
958589f1-2482-4ce0-aa31-2df7ba8dc614,1
9586f18f-709d-4a42-a0dd-4374dd90ef57,1
95aeb510-b30f-4024-8410-e1fa8d69c1eb,1
95c0f621-1330-4acb-af97-7671a6c025cd,1
95c3bf2b-7e85-42c1-a1c9-446cd92b2aab,1
96436a2d-c7bd-4b59-afe4-9ebdc0e06101,1
96516e3a-1302-4e0d-a36c-fc901abd1940,1
96714337-4035-4565-956b-d1965f016e2d,1
9689c9bd-bda8-4f59-86f2-6767c6d59567,1
969ca86a-b25c-499b-b0c5-60f8b3b5c019,1
969d4d45-0d0f-4a55-9522-93380f07ecad,1
96b3f492-be8f-410d-9378-e76d99224523,1
96e05995-ae66-4184-b469-ed6ce7d00381,1
96e4e79e-ae1d-4d76-bde8-2e4d1a39f529,1
96f40bf3-7b80-4ed4-a72f-a122464fe713,1
97070f2d-797b-4c0d-bc70-a284e05ccb60,1
970a9de9-3262-45aa-a728-218dea722d8d,1
976a6fc9-3f76-4638-8662-ec1b248ac583,1
978c7c30-c353-45de-91ea-3ad436574e46,1
97965c2b-0a4d-461c-ae58-04d21d8886e4,1
97c037fd-843c-4a38-9fa3-658f078c7eb1,1
97e561a8-23ee-42e5-a484-63144c68e465,1
97ff07d7-92ab-4662-9dbc-ca50b5fbad42,1
98071bc6-3763-40f7-b29f-531f82ce080e,1
98639cca-2efe-4fb3-b11e-49e541c96a05,1
988a4095-1a63-435b-ad78-79fa7598e77a,1
9904e869-6892-446b-bb78-5964d7f9a719,1
990ff793-e6d1-445e-9b6f-32f646211236,1
99244adf-03e2-4dff-af8c-f400cef5059e,1
9954a5d0-bf8a-40a3-9523-b45fdd50ca7e,1
99557d4f-bb26-47a3-90b6-c3fd73197d3a,1
9974b8c4-898b-4c01-9651-c013512b32ee,1
99c2d845-3f80-477e-a333-dd375bfc69b9,1
9a0e18a7-1aaf-4779-b21c-fdc323f87baf,1
9a302c05-0cd7-4bf4-900e-0823f088142c,1
9a3b9332-de57-427f-84b8-c3b6672f0011,2
9a62fb2b-7ef4-400c-95d3-35bdea280eb5,1
9a7b4c3c-90e8-4627-91af-a449a9ab6d21,1
9aa5ebfb-72fb-474a-9c96-d02111fbb91c,1
9ae1f270-8916-41fb-8c44-d45b1c0a8042,1
9af09a70-7363-476f-9b82-b33a25201539,1
9b0657c7-dea7-4345-bd76-b07c56d3dfce,1
9b121329-3d0a-4c05-92f4-4385d5e69412,1
9b2b597b-e991-4cf6-ad15-0b8411ee1e3b,1
9b3e322e-5bf2-459b-97fa-34d9d23747c6,1
9b639263-f8fa-40a9-876e-8f11be41b558,1
9b84821b-a934-4cc5-b405-dc2652970056,1
9b973f77-73da-4824-a807-a5a8e1dd8c1e,1
9b9f48c0-4cf8-44a8-8a73-1d6ae23170e6,1
9bd034ea-48bd-481c-8fcf-5c9ef25c424a,1
9bf1e098-9534-4df9-bd8d-2aa941d5c147,1
9c26f69c-7ffb-4cfc-a626-f3236a3f4b9f,1
9c9c2087-f7b5-4412-a5d1-6f33cf2ff55c,1
9ca5d5a8-2ad1-40ab-8176-3904a91b781e,1
9cce5908-6be0-4206-b3fd-4561f7a07b7e,1
9ccf1f6d-586b-4c75-8658-df557cbc5d0b,1
9cdd1082-e150-406e-8ff2-b8aaf7ef90a9,1
9d38b064-ee0d-4f95-951f-313809433d33,1
9d3af09e-07fc-4539-bf9d-4ed944f33400,1
9d49b094-a3f6-4c41-8e79-4c431b375697,1
9d5036f6-8e57-4622-93e5-38f08dc6e28c,1
9d661921-d49d-4a1f-b291-e66a160e38d7,1
9d713bc7-c20c-4abd-9311-200f3c7eaf76,1
9d9069de-5c07-44df-b61c-3ef303a2da46,1
9d9837ef-ae65-4388-8ee3-147b6d3cb7cd,1
9d9afe24-4f13-4905-8ac8-2d23be37ffd3,1
9dbde623-ccce-4247-921d-c79bcc4d9174,1
9de9f191-131b-47ad-9b77-b1d2b9775457,1
9dff10f3-a55e-4f55-8194-c307b9f556c6,1
9e32b06a-2dd8-4803-b6d6-21317eddca1b,1
9e3d5924-e85f-43db-a044-4d8b71d07eb0,1
9e71fbe0-96bb-42fd-92d1-dc5592b1e6f9,1
9eab5e23-1147-41a4-9baa-5557d9a41d10,1
9ef48b8a-f040-4462-b636-039d74519d14,1
9f5336d3-62ca-49fa-b3bf-b3a2d5266767,1
9f546c36-3c2d-4b3d-a64c-24d6df7f5de6,1
9f7d19b4-79db-4d69-8324-900d5201f2ea,1
9fae45d4-d18a-460b-bd86-d92fca35a169,1
9fb157f7-c50f-45cf-a270-4b978bfb56c5,1
9fd0926f-ff66-45ec-a96f-358bcf9f4b5a,1
9fd6100d-b1f7-47bc-82fc-4cfe1df0ac2e,1
a00e444e-6fec-41a2-b2b1-fd95d2f32441,1
a0252e0d-ef69-488b-a0fc-2cac4c00bc04,1
a026ff5b-b238-409c-9161-5331fdb1496e,1
a03bd601-5fd0-4e96-a6a6-67a2d2d870c8,1
a0578f48-9b7b-40c1-a1f4-f5a044252f1d,1
a070fab2-5c81-4098-a8c6-159878595d5a,1
a0917d2e-41e1-4989-86f1-b0b26e6cdce3,1
a09b39b1-74b3-4737-b086-302e38d7fd39,1
a0a5cd86-79c0-45ab-9414-cb4a0a858da3,1
a0bd073e-e29c-46bf-b014-e42f973eced2,1
a0d1751d-d66e-436f-92de-998a667092d5,1
a0d469e7-3785-4c84-9a4f-8aabcfc19b0b,1
a0e22c7e-74f1-49fe-9db6-5a964c9a6f16,1
a0e2a287-8a00-4c88-92ff-22041b95f62d,1
a105223a-803d-4888-a070-481bd4c6f4d5,1
a106fd0a-99bc-496f-b073-f05dffa57f10,1
a123ca5a-7c01-4adb-85a0-7d2ef11ccf4d,1
a12aad3b-40b8-4507-b590-d6ef775c9fea,1
a15ef9df-9fe4-4a40-9260-7795352fc6f9,1
a15f751a-28e1-4e2b-b5e1-baf68c937c5b,1
a164530a-b4d2-4aa2-8549-88491a5876a2,1
a172eb0f-7bde-47e7-a980-e420f99138e2,1
a17bd3b0-c6c7-4b0c-b3af-c2278f4bbe50,1
a1857a3d-87c0-41bf-958c-e66ff53539d4,1
a1ba2b4b-11ab-44f7-9649-9514339bbd4f,1
a1d8446f-1a68-4c0d-9788-2254fe803d56,1
a1de9797-86d6-4f2d-b4ec-0ba08978929b,1
a1e3f2d1-8e71-463b-894c-84a0215f2e7c,1
a1f296e0-c5ad-4dc6-9d8c-0cbb2ced5e56,1
a2074eb2-1c22-40c3-952a-f3e547730dd3,1
a232584d-11bc-4c1b-90ca-e1751ff7a22e,1
a2410623-894c-4a1f-87b7-8757e48be10a,1
a276cb82-8ed7-4372-8e90-3eb8eae2e5d3,1
a27abfce-d2cb-49fd-b4de-6cc4c7affa51,1
a28136d2-ef5b-4506-bb04-88861a953fa1,1
a2ba4279-45ad-4777-bf23-2e2ae4e11fb3,1
a2dc585a-9cb9-425d-8168-c05032381fd5,1
a2f60902-6367-4f28-8670-97fe820befca,1
a32deae4-01be-4ca3-92ff-a062cfe74114,1
a368c2f5-5c47-4f52-a52c-20244c99bd5d,1
a3ba10cf-3018-41d4-9520-94afd09b1f38,1
a3c12248-6326-41d3-a6c3-144f722e4c36,1
a3d1b09b-b420-482d-a452-d820c041d2d7,1
a4482122-10ef-4ca0-8117-7700ccba63a0,1
a46c86b0-a574-4704-a5f9-62a737abe9ac,1
a47a3725-3f25-492d-9705-ea06b2cdf55d,1
a48a961a-bfc1-4584-a8f2-08947aa85510,1
a4c1e84f-f2c5-4aca-b88e-e3af69d08efa,1
a4c8cd1e-e05e-49c1-9478-1d0cdfe27bb4,1
a4d3ade4-0b24-42b8-93eb-dd46b234f4cb,1
a52c9200-1e38-4a77-add0-7f2e4f93a89d,1
a530552a-f7ef-4e61-9baa-94040faa36b0,1
a53fc5d7-a504-4034-8efd-2152f9bf94c5,1
a547afb7-979d-4174-a6fe-3f7c4ae2007a,1
a559463c-06fb-43a6-858c-dba58d3e7df6,1
a572c1e8-9dee-4366-9de9-f7220b534e7b,1
a57ad703-0e95-4c2a-bf04-a7edeadf2b27,1
a5ba217c-f1be-47a8-b141-32328291fa4d,1
a6325874-2c92-4901-9d57-094e0446c90b,1
a64eaefc-3e13-4703-bd34-5ff9530825d3,1
a669584f-ec79-4ff3-90f4-4f9cee754a1d,1
a66e627c-23a3-48f4-9649-e62fcc67aed9,1
a674efcf-972b-49c2-a814-cca740a954ae,1
a684723c-4021-403c-9cfe-00fad235e940,1
a6b57268-9b9c-4033-a185-00475f9138d1,1
a6c9cbbc-94ae-45a7-a955-cbb78bb2a55c,1
a7182529-45c1-48b8-bdae-1ff9a854bbd2,1
a78541c8-bc42-400a-9790-6056c53cf68a,1
a8069bd0-8069-4e0e-bc03-13f1a688fa82,1
a81b7c67-9ff3-4722-9248-55a6fac2e035,1
a81cfdd8-3ce0-4d49-8b32-5526f0605817,1
a852aa93-1df0-427d-b086-79b8d07e4e3f,1
a8e52ed3-775a-4cae-8f96-5aa8e4f531ff,1
a90163bc-d309-4570-9041-2148b65c22f3,1
a9144a08-0cd5-4ff3-befc-ae0f687e407f,1
a917439b-b6d6-4bce-836a-2c56d90c158a,1
a9275cdf-e0fc-4da7-8ea0-0d4c494b5e4b,1
a930def5-db25-4eea-9281-e18c3c2e1910,1
a9955c4b-07e4-433a-a8d5-38d5b37417fb,1
a9a5ea0f-2c93-4e1b-b2d2-0438b3752f4f,1
a9b00345-b1b0-46a0-8ac8-9668e744160c,1
a9facf4f-dfe1-4b0a-81f5-674892dca41e,1
a9fe293f-cf6b-48b4-b0f3-bf4f98ef9b8e,1
aa0dd0bb-dcd6-4a10-94e4-6dc10d0aa2e8,1
aa195cbe-57b5-4741-8ace-660adeb85e2c,1
aa4ad6b6-5007-42b8-9d95-4631b8f1a485,1
aa687771-f6a4-4cdf-b07a-d140bb61091c,1
aa8a8472-2676-4371-8924-3cea9dcbe216,1
aab2932a-14dd-474d-bb27-d47456fe7176,1
aacb2d1a-f290-4c00-ba49-c048d9c4ad6d,1
ab023c2c-6085-4f6c-8c2a-5c400681b49b,1
ab07c528-847f-4dce-adb5-a8d60779db10,1
ab0cdf2d-e6f6-4870-8de6-ddcc294c16f2,1
ab426ca7-c8bf-4ad1-aa66-f265f5e2bd3c,1
abb72b62-559c-476e-841f-725ba8987790,1
abcf8b5c-49dc-46e4-b56c-1f62d29ef1dd,1
abed47a2-50e5-4967-aa1b-7e5146eac231,1
abfea76d-4bbb-43dd-b98a-cb0f1b8952a7,1
ac29e61d-bc54-4fd5-be1d-9d2b9cbb1c8e,1
ac335899-0cf5-428c-9d7b-cd88451a2f26,1
ac5f0e5e-8c89-4798-aa78-15a8cc740d37,1
ac5f3cb8-b975-4b14-8fbf-80e0322cfd4b,1
ac64c294-5077-4832-b091-53432b7797fa,1
ac7c7f51-98b7-47dc-8843-0774d2b94e2b,1
aca30c38-bd13-40fe-a5cf-4eddb468c123,1
accb30c8-1b1c-4c4d-9ab8-27c091d1c0d7,1
ad375e94-50f9-4c92-9231-f15bc79a81fb,1
ad43ac85-9a9e-4d50-a792-1e4d37f11f7f,1
ad647116-06c8-4897-a32c-98f3d42992e3,1
ad6d9421-5078-4160-9105-a0ad2e871141,1
ad92d724-39c8-4ce3-9a25-1fb73a4090ec,1
adc5a5c7-7613-4932-a80e-fa5c2d641364,1
add539ae-f12e-45d2-b964-2f2aac3984c1,1
addf1613-f2e8-40f1-bc2d-52a9b320d8e3,1
ade7bc69-a8b8-4524-8c3a-19ff0e3a1079,1
ae097108-b704-4743-8af2-ca2c05829169,1
ae0977aa-f65a-4667-9d0a-90979b55d4aa,1
ae2314db-8009-402b-af85-af8a46e1daaf,1
ae4ed8e0-85aa-4734-a8a3-009527d78bac,1
ae967849-b17a-4d3d-bdfa-f863e92514bc,1
aea32f65-a631-47da-819c-be43da0148ba,1
aec52e4c-2d61-408d-84ae-f5f20d93e232,1
aee48499-f017-48f6-9df5-92655cefa61f,1
aeee26e3-8abe-4196-9569-1993702793e7,1
af07a728-bf92-4fa8-b10f-e317adcea7da,1
af40d12e-edd6-4201-8b5c-3b69f9530ec5,1
af517943-9a17-4b71-a001-f99bb38b19e9,1
af888b09-6680-418e-8214-6699cfef3b6c,1
af97fe63-e111-413f-b3e3-a2dafe97dfb4,1
af9f7635-f0e8-4fb6-87af-5633ce29c1fc,1
afa3fc88-61d1-41a9-9cc9-3ca04adf1ccc,1
afff4fc7-27e6-4d6f-ace2-b7934bc9586a,1
b00ca916-d95c-4962-b28a-b258007fc034,1
b02d908f-8b15-4192-937c-89beadf27ff4,1
b0322a31-f754-4003-93f4-64654f5e4a66,1
b0456705-a794-47a1-be4a-b516a862c178,1
b0b039b1-2841-4b99-acaf-596b396f724c,1
b101bd14-f8cf-42bd-9c71-814fcc51dbac,1
b12a3635-2a09-4a99-9ad6-96529fe5a751,1
b13597f5-1078-434f-aa01-332247b4034c,1
b1478599-02c4-4ded-afa8-b13a4e85ef49,1
b1486b04-3b95-47f6-89a4-7ccbec20db88,1
b161b05e-b8d2-4801-9821-15c46ef2e400,1
b1851bc8-602b-4c77-91be-dc5be0d31a29,1
b197edb6-8f12-4390-9484-d03b6231f429,1
b19c0aad-fd09-4c48-9dbd-9670d1acd6d0,1
b1a993cf-2492-4879-b789-f781fbbff3be,1
b1b8a459-a07c-45bf-9c16-d990d35ddb94,1
b1bf0e91-510b-48d0-8902-95e942d3f3c7,1
b1d2e5bc-4345-4905-8b7f-0d478d132ee2,1
b1e78191-80b2-4f7d-99b1-2ab8f3f35d0c,1
b29a2103-3a94-4416-84bf-28af259d7055,1
b2b894f9-0808-4305-902c-15bfd39b3947,1
b2d0370d-c0f7-4dc2-a34d-ba5d900f122d,1
b3362980-dc44-45e8-8b71-2b51922135ae,1
b38f672a-12fe-4437-94d2-dce9c5e6b8d9,1
b41b106c-67d4-4a6b-b75b-3fa41f5e444b,1
b424bbf3-904c-4279-a555-4b542653bb10,1
b4321a96-add9-40fa-adb8-bdcd482304d8,1
b43975a7-aa4f-4899-ad1a-d4e658cbcdda,1
b441720b-c109-4fe7-bf5a-f50300a2ac87,1
b46d3a41-850d-4331-b185-e85228977a59,1
b4a3b0f8-ba78-4d29-9737-8ecd5cbba3f9,2
b4a57a04-ea9a-4ceb-b45b-892b7f1c141d,1
b4cc4f02-f7c0-43c4-a6fa-36d4ec475954,1
b4dd5d9d-f873-47b0-9f0d-3febcfcef439,1
b4e58be5-663c-4d36-ac06-c716fbb9b788,1
b517a2b3-3c6b-4451-a4ed-7d015536a73b,1
b51bb53b-0334-459f-9c7d-2fc5a1882f5f,1
b568d40f-a0a7-4174-9c55-4a3cd400f9f0,1
b59c7fc5-7f59-41f3-9ba4-0518adacae59,1
b59d0bdd-2b3b-4d86-86cd-8109ab8846d0,1
b5a0c64d-8ceb-46e3-8e8d-3208c61bb19e,1
b5ca1455-4121-4daa-b469-ab600729352d,1
b5f03ecb-7d80-4ece-ac44-2db67b3c0a9c,1
b6180147-51aa-410a-b374-73de436665a0,1
b68ae700-035c-48dc-99aa-baa25560017a,1
b6d14196-c023-44f1-9574-2a37387b3679,1
b6f18528-72a1-4298-a960-7db31eaaad3c,1
b6f1b362-07ea-49e6-b124-a4d319709158,1
b707b43f-f21e-4f24-b0bc-f8bc57879f7a,1
b735aa5b-6035-4bd5-9ff9-9d60070dd627,1
b74b140e-d182-4b51-aadd-9f5dfd4ea7e3,1
b7802307-9189-4583-8329-9d344ded84b2,1
b7dd50b2-fc65-4fc0-be0d-14fb6184ad88,1
b81bc9f8-7fa0-46e6-bf3c-98dd41d9206e,1
b824a76c-97a8-4265-9166-2321227e808d,1
b842ff99-f84d-412a-94ed-7f72e5f42f2b,1
b868a5eb-113f-4db6-a3fb-3e63ce7b4fdf,1
b8976eef-e271-4afa-b776-674d10247efa,1
b8ccf2ae-a651-4ace-a2a3-c3de65e5b8b5,1
b8d224d3-b814-485d-ab06-11908cbc9d92,1
b8eb373a-c0ca-4225-a3df-5c9cf3de87b5,1
b9137e69-79d7-45f9-96ed-60be584261c6,1
b94a6121-d33b-487b-85aa-12baf2021a51,1
b95c02b2-de50-480f-9a94-52e8fabc76c8,1
b97d53fb-3dca-4fc8-8b16-b34bf1fdc5c1,1
b9caef9f-e304-4037-a65a-fb2e77a2c49d,1
ba09fded-3284-42b5-ae1a-680847b62d46,1
ba295f4a-8a27-4cad-b764-0a77d1084565,1
ba6ece80-de0a-4ffd-8509-9d824390ac7d,2
ba9c641f-cce3-4e63-8baf-04f786cd5d56,1
ba9dca59-12ae-46fb-9d7a-23ae7a03f315,1
baeb76e1-9563-4d14-937b-4fa095e17df4,1
bb3f820d-9dde-4cfb-b781-cb36912025aa,1
bb521af2-de4b-48a8-a654-2fbebf4a1aaf,1
bb71a043-00b1-4412-902b-b82639b9ea0b,1
bb7471ae-eb1b-431e-86dc-3d170d447764,1
bb78dca1-e59a-4940-abcf-ee23696f7826,1
bb866a38-6690-4334-9623-3bd8941dbc84,1
bb8ddefd-a28f-47f5-a692-a542edff1a0d,1
bbcea56f-4670-4dc7-b6a5-a0ea2c995be8,1
bbd75ccd-80f7-460f-a53e-ebb59c7e73d9,1
bbf5e1c6-0edb-4d37-aa9d-a8b3232835f1,1
bc127937-0260-4645-b4c2-d584db84fc19,1
bc40838f-219c-4d5a-83ce-a864fcdb4834,1
bc668ed4-d167-43c5-8fff-5355d21b1f6a,1
bcb13b68-15fe-4f4b-bf11-04d55e85fd92,1
bcc4daa9-0ca8-43ff-b5f3-c0f9e018f3a8,1
bcd620cf-e1be-447d-aade-323d8cd0b5ce,1
bd298e00-af24-43b5-952e-0606e5267fba,1
bda341ce-c5bb-46c8-a368-d3e3567ce66b,1
bdb0b241-d907-4967-bebf-9ce738f01fd2,1
bdb33b3e-c8ae-497c-be94-e6c2c84b5b36,1
be0259bc-02b1-4f21-b371-ffbfed7aff86,1
be25d97c-8ec7-49a9-b0f7-7f55ae7221ff,1
be30207d-94e8-497c-b081-73915f904fcc,1
be54afc1-84cf-4fcc-9a35-956ed3611a24,1
be6b662b-81b1-4ca1-8378-fcc1505a266f,1
be7329f0-66e2-421f-9721-bcaaaa006a73,1
befea97d-bd14-47e5-a5b0-2780ac3d13b1,1
bf20254d-b597-4df0-b944-b3d1c336eb8b,1
bf261f3e-d58f-41d1-91f9-d3d42350d4ee,1
bf4bed40-da85-43f3-8eef-e5d45cdaf30c,1
bfb509aa-6c67-47b6-876f-09b18bff5bcb,1
bfd90740-efa3-484a-8224-2ee9ea00e040,1
bff3e300-05ec-4465-9010-a4988525d7a6,1
c023dbc1-be9c-486e-94e0-698efa731be8,1
c02f8a8c-9970-4d4a-b17d-a2be7fb50837,1
c03b5554-4a45-4ed9-a91d-0ed63e8974dc,1
c0695d89-d2d0-4458-a31d-9f928fec2cb1,1
c080e40d-e7e3-46fa-bfbb-1a65cc93ad03,1
c0917a11-552d-4430-8a44-a77fab77564f,1
c0f67d4b-98ef-4072-91a4-fedf20b52395,1
c11a84c5-b045-4e8c-b38c-1a82d998408a,1
c17775d3-84bc-488f-bd86-f476cf495b81,1
c18364f6-fa77-4658-ab4c-a5a07513091e,1
c183fbc1-73f0-4506-aa34-977597cc76b3,1
c1d0d3fe-c219-4f1e-9e29-c79f92d25bf0,1
c2104a9e-b0f5-4b06-858c-c4121515d8ef,1
c22d52a5-4c74-4a9e-a3d2-c0d319f9b935,1
c24299b9-6a7c-42f9-9bfc-f57d1af7d951,1
c261c651-4e67-4951-acfa-4c16a5fe410b,1
c2a8366c-7d7c-4ee8-aa4b-6e0cd05c14d2,1
c2a86992-74e0-471f-b21f-b8a097721407,1
c2da1424-498a-43b6-b0e0-a88812e850e8,1
c37343ed-67ce-43c6-a2dd-a8e950941df0,1
c39af5a0-0f24-4243-a6aa-5d2db2473973,1
c3cb8663-2d20-43af-a11b-e0d405cf7167,1
c3ed1a8b-4515-41c3-ba1b-68487271505e,1
c4302e54-2233-428d-8693-7bf15ff32c95,1
c4441112-6b29-4b64-8cdc-801240eebe18,1
c44d5857-779e-4afa-97ab-162223d49353,1
c464af51-c900-443e-8363-064a007270f0,1
c4651b92-a30f-4e58-9f9f-e5543d1aecbf,1
c46fa976-028a-479a-a889-a94e12629830,1
c4772826-6cdc-4bab-8eda-2fff7cd78289,1
c47cb846-961d-4c5c-a521-2e35cede6735,1
c4809e22-a435-4203-92b6-55c79adca770,1
c4894b15-8f0e-454f-b0fc-af4d2ecf00a0,1
c4abaa3d-3633-410c-a574-d495df065d1c,1
c4ca2a72-e2a8-43ca-ba5d-373e44b68f10,1
c4d673fe-4135-49d1-a7f8-c8a5a36b3e19,1
c4e41367-ca06-47c1-9aa1-9f504a7ee9c4,1
c4ecde6c-445d-4c7d-81a8-52497eb769ac,1
c533012e-f992-410d-9666-9a8024e0884e,1
c5588b4c-7773-40c0-8286-a860a80345b8,1
c55a1af5-3802-487f-9c24-45e99c8df549,1
c5784693-ade5-476a-8bf8-8f9774ff7e7c,1
c57e2bba-5f19-4922-af64-868c3bc9be4b,1
c58fa31d-c82d-47c2-8c24-a6ff207d7536,1
c59820b9-3868-4bc9-bb5d-0281dad0e684,1
c5d055aa-f88f-4f00-acc9-e7fb91cf2ba6,1
c5da61ba-883a-4cfe-b4a3-e0189ddd86a5,1
c64b1814-808d-43f5-b172-b4dd62eca572,1
c670a87c-c7cf-42bf-a033-715246ebb0f1,1
c6ce5e26-747f-497c-8b3b-af9c977f5b8f,1
c71828c4-ab06-4bb9-bf0c-efd9ca46dbc4,1
c74e5672-881c-4ed1-b859-8e1b65f6bcee,1
c81fb35e-4472-4289-ac12-be6c9bd53079,1
c81fd4a3-684e-4d9c-99d3-60cedb4bfc1c,1
c8237d3f-8051-41dc-ac14-49be30b0a049,1
c84e6a10-c36e-4407-b6e5-beeb7e573375,1
c853281e-dd2a-4223-b8b9-b75a6e558012,1
c893582d-bd17-4d92-a7b1-050472a19f28,1
c8ab4664-48f5-43d8-a0f3-c6f98838207f,1
c8c0d067-5a8b-4680-9371-7e01ee665ffc,1
c8d086e1-bcf2-4bf1-8060-53f6d35058b4,1
c8e4e1f1-5d69-4c59-8297-d9575c49c907,1
c8e74d3c-ad31-47fe-a52e-6505c2fb8e95,1
c960ce67-fa22-440c-935d-c715436f5e63,1
c998f03c-8988-4f91-ae5c-55ff64c9a762,1
c9e1b421-b5c8-434a-b081-28fc865ef3e6,1
ca0dae0e-086d-4215-8587-0652a26f3ef3,1
ca13a74f-252f-4422-a809-d88961825221,1
ca18f90c-3a71-4284-bb97-570f85f4f025,1
ca2bf561-c21c-4f3b-a0d1-237331d92c14,1
ca5c9230-4870-43b0-b724-78500f70d4ea,1
ca79118b-29e4-483a-a359-422f21988557,1
ca9b8b8f-4fc8-4b2e-9df7-7a02c1442574,1
caac5796-8cf8-45d0-8864-4856ae81ae65,1
cabdc516-bd92-4cf8-83de-0645274ed8d6,1
cac7fc60-3d72-4c52-bcf8-04ef4b0287ea,1
cad19d6d-2329-49bf-aeab-1328c1bc5c35,1
cad8877f-7a9d-4492-8ff9-2de476698026,1
caf0593e-92c3-4ade-b39f-d50a8b04c692,1
cb507058-9ad0-4f2d-88e5-2effcda66361,1
cb811eb9-35f3-47dd-a5c8-0ab673863f27,1
cb956289-9026-4847-a6b0-a4e19275198c,1
cb9a56e5-a642-4d17-a680-65ae93321d9e,1
cba8c7bb-63d4-477a-9234-996903ddfed0,1
cbd7f607-590b-4579-a671-9139fcb7aabf,1
cbf3c940-6d8a-4354-b395-0e4b1d0a72f4,1
cbfa5f1c-fc41-4a81-bde0-42da185fe770,1
cc1930b6-d311-4eee-80ef-3fc9e9b9b2f1,1
cc562665-ded9-4f91-b66b-b1d93ebd32b8,1
cc5dcc95-60cf-4fef-98dd-07f6d997a12f,1
cc9032af-76e4-4d86-bda9-c2ef135a2f43,1
cc988e25-47b7-4c20-a64c-1cc61372cdff,1
ccc2b2da-63d2-462c-aecd-e6897b23c394,1
cd13948b-e8fa-4f6d-846e-614d58c01da7,1
cd507303-0503-4385-a61c-34f162fdc5e6,1
cd53750e-091a-4ee8-9227-cbdf6779ccdf,1
cd74fcd0-8d4b-40b8-9f6b-9d3b2eea955c,1
cd873c10-6e47-4554-8eb7-44a10f325ae3,1
cd8c0e16-06e4-4d8a-97ad-d38fce7324a2,1
cdb2c09a-cd9c-4db3-a539-bfb57c6b5179,1
ce2394dc-15a4-49fb-91b6-abaf8d2c42e0,1
ce83ce91-8699-49ff-b0e5-4c60aaaf3b85,1
ce8d435b-9201-4acf-9764-fae0ac7a05e8,1
ce916531-9590-44f5-aec3-153edf2edca4,1
ce9635c9-a82d-4d65-be4a-746866d379a5,1
cec90080-aab0-4004-a5dd-eacbcf9da74d,1
ceca73a2-be45-4e76-ae5b-30c3d0cbe418,1
ceed898f-6375-4f80-a01d-5f7e22aab48d,1
ceff9159-1bcf-4163-9aba-a40214d993fd,1
cf0a8c2b-538d-457c-865e-14f3dd0740cb,1
cf105431-b2f9-4257-a8a5-300ce5eeb3ed,1
cf2ac815-dfec-4e1b-a711-1c4785ace699,1
cf3c4b41-7c80-4bd4-ae9e-fd704854ac3c,1
cf42657c-3bcc-47a2-88ad-ef4141e3f083,1
cf7ab33a-b3c0-4ce3-9438-1051ceef44ba,1
cf88524b-28da-43ea-946e-b35702826f00,1
cf99a278-cdb2-401c-9534-5c17a9ccd764,1
cfbaca9b-2984-4ef9-bbfc-d90810319b68,1
cfe8d57a-95a2-43e0-a897-f014858e31ec,1
d06fffeb-9422-48a2-8314-947d032f5778,1
d0909a00-2f84-4ce2-a90e-67a7e8a91dc8,1
d0fd77f2-2064-40cb-9a02-e6f5c1d844b4,1
d0ff16c4-f8e4-4c53-9ff7-76fe2838776c,1
d1102bd1-80f1-4aaf-8c4f-be7e258e43db,1
d116d5a0-bf3b-4e96-afe3-7e3afb69cb81,1
d154c2f4-2420-4292-9ec8-ccce7fecc1b3,1
d172ef9d-fce2-4172-8dc8-8827bccec778,1
d17e7b35-5839-4722-9539-2a2d1dc78061,1
d18a6d53-293e-4db3-bdc2-6d99eb13f314,1
d1c25e0b-156a-4068-80f1-b392659497a6,1
d1e3f8a2-e3e4-4c3a-8327-e4e10580e3ae,1
d2377bdb-3340-4e00-96de-70b7de0e2d69,1
d23ec136-957e-4c8e-817b-c0da23066f99,1
d240fe9e-da41-495a-b8e6-497ef3fb9490,1
d257b969-761d-4a4c-9c42-cf026eb6b77f,1
d26a0047-e323-4b9f-9688-10907e6c3b78,1
d30bd5d1-b082-40ee-bc5f-c1c1791b9680,1
d3102c7f-244a-4778-b0e0-5d49cec89fc1,1
d395ddca-e069-4b42-a7b1-f90519d967db,1
d3a0756b-8305-443d-90d2-481cf94d1624,1
d3c6b4bc-7887-4a08-bf8e-4394516fb89e,1
d3ca3bcc-9ac6-4a18-b3fe-21bed2323f09,1
d3df88b6-8f6b-4e69-b38f-66a9c6128b2e,1
d3ed282e-5a77-481c-8a42-5aa513d1dca4,1
d40398f3-2201-41d0-8494-50f950ead89f,1
d406df1e-dd0b-450d-8767-dabe4ad09015,1
d4126a97-2cc3-4307-9262-29018b8405e5,1
d426e87e-1927-475a-9f7f-d4446d603ecf,1
d42be7a7-464e-459c-a7ae-e8442a12ccb5,1
d453d5fc-d77b-4cc0-8c55-49aacfa73ee0,1
d473f2c3-b7e3-44d8-ba5e-5feaf19784aa,1
d47ad460-492f-45ae-98b8-e8b7012a8460,1
d49a9d61-ff45-4607-b455-0629d5fa508c,1
d4acefe2-354c-4efa-873c-7c6a83ec4cd7,1
d4ad8077-2d11-4ea5-a665-c33608ac289b,1
d4cd7259-9495-4110-b502-bd47bf556d6f,1
d50226a3-9e37-44cd-a924-76ace621885d,1
d531bf71-d1af-4937-8560-4b85942df953,1
d54d3823-cec9-4d8f-8074-49215ab010bf,1
d556a9e6-be9f-44d5-b3bc-10df20cc8645,1
d55b1807-9b96-4206-94b1-e02ac9d0856d,1
d57cf40c-4a52-4710-b210-0dbc2824e7bf,1
d58402a1-d97a-4c27-a119-c5efbcab06a7,1
d5a912bd-21bc-4232-aab4-51bccefa3653,1
d6006d1e-ae56-42c2-8106-b72988489f67,1
d6170089-57c8-4faf-bb09-0ea3324b1548,1
d621fa73-335c-46fa-9f70-b5fca5403721,1
d639a867-e280-411d-906d-fa3f8230633e,1
d63c7cc9-160a-4e00-b9fd-830823686cc5,1
d66ca8f5-f50d-4bbc-8c2e-2e2823ef8c8e,1
d6d7f3ba-a12d-44d4-a231-2236f58fbb74,1
d6f43104-e14f-45ad-adbe-f20a5bb57b61,1
d6fd13cd-504b-49d3-a860-16cf361acef8,1
d702f447-f48b-458c-b89e-d57fdade4886,1
d74cd4a3-8721-41c9-9863-783813657579,1
d760c012-7768-4ebc-8139-d025fe881c8c,1
d7978192-3a9b-425a-b005-ab13dd392216,1
d7abce94-3d50-41b1-9de5-a7159f4dd30b,1
d80ab2d6-d740-4444-8d53-19c4f3ce0479,1
d814f3f4-d5ba-4834-beae-b4c9bb4a805c,1
d8174934-985f-4074-acf8-80d5600a25b4,1
d84076d8-4a1c-4853-9694-b376eeeb4292,1
d8614caa-682d-4f62-8bbe-412ab1c6e426,1
d8b48b13-d4a9-4f0c-8e0d-853c9f4e27d8,1
d8ef626b-6272-4370-b2b8-318c5e9e1820,1
d9245e6d-4231-4c27-aa0a-84604f341418,1
d955d921-542c-4967-ae92-766ee845dc44,1
d95e8cfd-ec4c-40c1-9e13-ed8503d2874a,1
d95ec931-fa00-42c8-8db0-6cd465797ebf,1
d97f1051-6db3-476a-ac52-a67b707ac356,1
d9a7567a-db6b-4d3a-aabe-ed8363fd8651,1
d9bf6766-a846-45b5-8a88-65a016ec1cd7,1
d9c7406f-b103-4b70-883a-e7f4ec5d2f49,1
da369d41-7a1d-40e3-bb85-61a9269a028a,1
da39bcd0-0f9a-49c9-9cea-a82395ebbda0,1
da4062c4-f239-499a-a590-fffb309beb9b,1
da46faab-2f0e-4d00-a3f8-ef067f821619,1
da93f287-efde-4421-bfbf-82e772e8c18b,1
daa4e3be-5213-406f-acb8-2ecfdf1ff63d,1
dad5c33f-1344-4048-acd0-fef933cc3a29,1
db01ec2b-0e7e-4e46-9a1e-b09e4d757edf,1
db034f89-53be-4d76-a704-22a4ebe6448e,1
db29b52c-0a0b-428f-a5ea-9470731a46a4,1
db9ef053-5729-461c-be26-1a3c081a7afc,1
dba1091e-ff09-44df-8857-1bf2b13adcfa,1
dbab9faa-35fc-4934-a1d5-b8b9150e27ab,1
dbb2610a-cb37-4881-aab0-fe1cc2e180cc,1
dbd086fb-b90b-4499-8075-e2fe6673d850,1
dbd4460c-d89a-4819-910d-1b0faa43d2a1,1
dbdb613a-e8a6-4164-bbef-cda7db31b2b2,1
dbf94a85-c4be-4ce8-b1e5-b7309e4d9cab,1
dc07e518-dfb3-4ba2-b825-c7843ac56815,1
dc2f3dbd-a2a1-4f66-aa2a-2ebf01065222,1
dc498844-f9f1-4fbf-b994-343a75904744,1
dc5bd034-679c-4f3e-af7b-67f3d1cf95bc,1
dc7ab16f-f7ce-4b36-b892-89471b8b71dc,1
dcae96d5-68f0-477d-a936-74261cd07f53,1
dcf232e8-0dd9-495d-95f4-98eec4fcbb61,1
dd0bb5b9-2e4b-4adf-8ff5-9f715cd1cf8f,1
dd1b885b-db2f-4e6d-8387-b9cdfbc29b47,1
dd92ef90-3866-429f-8919-9fe7a45dcee3,1
ddb5254c-a7a4-4554-bad1-066c424d0505,1
ddcd2b9c-a960-4ce9-ad21-5fb53a932178,1
ddfd8c94-c3a1-485a-b434-11fc9379af63,1
de0882a0-c45f-41e9-b83e-49e7751a4b69,1
de293256-1cf9-4039-a77c-53796c299709,1
dead0974-c503-47c4-a8f9-ce1bd3d4f215,1
deb98b52-8d72-4e11-9844-bb7bd42a2fb3,1
dec2f6a7-43db-47b2-a60f-e260c10647f3,1
dee187d0-83df-4f5c-b5dd-819fa520fbcb,1
deed3e37-ca18-437a-8ff6-72b5cbb425e3,1
deef0bce-bd8e-461a-980f-ba1fbc2c6346,1
def55fd3-0a1a-4da6-9f10-f839fc05aa35,1
defdcd5d-0d7a-4b83-9196-660a1d49fcf8,1
df1d00cd-f0c7-421c-9630-67f5894ddb58,1
df368711-4d93-49bb-a03f-bc32fafd68f9,1
df54892e-feb0-484d-b3d0-3b537fc0e421,1
df817b7e-fbf5-4d48-ac30-b7bc40538714,1
df998eeb-e86e-4d31-8ac1-97450675ce10,1
dfa61672-b623-45bd-8f84-7bb50e51f7d4,1
e00345ab-4d0a-4d17-b966-aa661a72e49a,1
e01ae896-5889-49fe-9268-60b99384b94c,1
e02833a3-cc41-4aaa-9e35-ded0cc470d06,1
e06ed43e-470e-43e6-a2e0-0cce236e0220,1
e098909d-9842-4ff6-98cf-d4dc977c3879,1
e0c52922-7dee-4f94-8ca0-7c4051a56a28,1
e0c84295-dc9b-46a2-95ba-f37df74592d6,1
e0e56a5e-2bde-46f0-b6e5-b4daed2f37ca,1
e0e837f5-da2a-4054-b5ad-c268a35108e5,1
e0fba7c3-bdd8-479e-a4b2-704c275630c5,1
e1432fe1-b8b2-4a1c-9e7a-5ec637c757cc,1
e169c417-ec24-4934-9879-18f929950871,1
e16ffd64-f2f7-4f83-8008-062ca6080586,1
e18d2836-fb40-4134-9aea-1bebdf665cd9,2
e1928846-d6f7-4e4b-b427-801a3a00dfcb,1
e1a076ef-db10-4ef3-9dec-f210502bd719,1
e1af26a6-7ee9-4633-98d1-3c4f20ffd42b,1
e22c57e1-181a-4c2d-9794-908162cfe5ce,1
e270a62e-d168-4577-a7c7-1e0e76a798ac,1
e27c6c94-6fb7-4fd1-a50d-95ef50070f43,1
e29fdcec-4313-4d67-be8c-bafe9d87a164,1
e2a35afb-551a-4f26-81cb-3ea89172a1ff,1
e2a5b808-b95e-456c-b41f-12e9f4112e10,1
e2a8462c-2cf3-4fdd-9fdf-bb697ff7733d,1
e2b13170-d3d6-4508-8648-ec661844387c,1
e317f07d-2699-4477-b017-2410a5ae7354,1
e31bea09-9d50-4684-97bb-9815910b59aa,1
e3224718-9e27-4db4-a667-a8403b75a71b,1
e356d4c1-17c2-4f9b-b73b-aef154bd1867,1
e35cb2b9-e0d5-4e4e-8a02-c8b016f4fbf6,2
e3738dc2-9bc5-4ebf-b54f-7ddbae91a343,1
e3957a97-87af-4bd1-bf1a-2ce677581339,1
e39803fc-403e-42a5-8990-cfa6ce74ef0c,1
e3ca9c01-588f-4e0a-986a-4397a7f4fe29,1
e40fdcf9-d6aa-4455-9d9d-aee2042ab656,1
e4137a9d-a65c-4d2f-a591-815f1f4c360b,1
e41a4f36-6d58-49b8-afbd-e96ce6eeaa20,1
e43bb550-90f6-4b5e-82cd-369c536e4190,1
e44602f3-93a6-43f8-88a9-4d71cf80a975,1
e45e9570-5b9e-406d-905f-06f8f7f44ab2,1
e4653aab-8a07-4b1f-b16c-264fea8c3356,1
e470bae6-3f3e-44e0-ac9f-930be6b76351,1
e4be71b3-c4e7-4518-9e54-070e0a49e269,1
e4bea0b4-c17d-4b36-b754-9864f77cd478,1
e4d11e2d-906c-4f19-8f0a-ee02d696fe4d,1
e4f1d8fa-0b28-4d27-bd50-85656a39c49a,1
e4f4c14a-5388-4eb8-b825-6ce9a9766a40,1
e50fe796-1442-43ff-9b5f-dad07b7ba473,1
e516c5e3-5a0d-400c-a4ad-33c70454cab1,1
e51789a8-5529-469c-b302-b86b7409174d,1
e52e4afe-2925-4653-8911-412878a8b79e,1
e5da3e34-2171-4d7d-8fcd-0435a8b7ef37,1
e600faf8-879b-44c9-bb38-ecdb87cf1215,1
e60b8f43-168a-4fa9-8066-b8752d4cbcb1,1
e6605d49-a22d-4f26-9ea0-e5dc0df427e3,1
e67e4433-6017-4c57-b178-e44d7d2db095,1
e67ef38b-fdc6-434e-8b80-c16014195445,1
e6a12e2a-749f-4418-9681-c8f408802f00,1
e6cbbd3a-dade-47a2-ae8b-1f3a3f94a313,1
e6d904d6-ca14-4616-a85c-8584c08a001b,1
e6e40e63-228e-45a9-91c3-7380e19f069f,1
e7223f56-d4e3-4063-88e6-996b4c1219ba,1
e7515c7a-3179-4ae1-ad02-281b05586397,1
e759ac48-f10a-4f28-bf7a-ed5102fa7758,1
e78cbb69-804e-4663-9b55-0149a72ac2ef,1
e7965165-4c17-414a-a1e1-7c6bf6840d3f,1
e7987c2c-92e0-4124-9939-0622a5c4b8e6,1
e7fa26f1-0c08-4f42-a13f-d61a56cbd6e7,1
e8083530-27da-490a-bf7d-54b04163fd6e,1
e809100a-a91b-4b12-9f52-d32b6160a0d5,1
e80b21fc-c348-4465-89f1-89fe57a98610,1
e8277465-718b-4bbc-bd9b-99dc8ea09b44,1
e8619ef4-3d11-4091-97ba-0d9809b27fa6,1
e86d91da-0dac-4a53-b7e0-5d60ed8846bd,1
e8b4c2a3-a050-45b6-9117-b9ae1b76e039,1
e8d3a4c5-e967-4bab-92b8-040e48ef2b21,1
e90e3109-e373-4718-a27c-466647865eb9,1
e954bfa7-f3ca-49ef-a365-a5d01b4f4620,1
e9692943-c70a-4f36-9cdf-23492eadee55,1
e97ba151-6315-4d98-bb1d-e58b92093653,1
e9e6807b-9883-42f6-984e-177fb3d677ce,1
e9f8aed5-e504-44e6-9e3a-6ca9eb90e16c,1
ea481ef5-21d5-43ee-94b3-1f2577229ba3,1
ea8221ba-596d-430a-9bf0-7d03d2c76bba,1
eac8b3cf-2e7e-4b77-beb5-8130896752ba,1
ead188c3-db84-49f5-92b0-e1a096973c0e,1
eade43b2-5f8c-4184-9eb4-cc07f3de6870,1
eb199025-8c0c-48a7-9fcb-9bfb8dd6c7bb,1
eb1cf66e-de07-4aeb-bfa5-f0c5a2b3160b,1
eb24aa5f-8ca6-43b2-a6bc-0330517f96df,1
eb3867b0-cfc1-4f9b-99ff-58448d9c1c50,1
eb79f779-4905-49c4-89b3-8d6bc6c27421,1
eb8c07bd-2a90-4843-84b5-4a06165d3a68,1
ebbc2833-fc20-4692-a0ef-f2c151149c4d,1
ec130f9d-73f6-4927-8e23-86ed6ab9539b,1
eca6643e-809e-495a-a817-d3615ec82908,1
ecb5c20a-8344-4eeb-805c-7bb15e8870b6,1
ecd40507-b0b0-4377-aa22-d2622effd598,1
ecd59761-f924-4d5e-8eb2-aad6ada30b09,1
ed014080-6790-4c0e-abe7-73f4c4280a03,1
ed27a7b0-7425-47e7-97fd-a8eede8ca7fc,1
ed5946d7-61b0-4c20-9847-987f0239a83b,1
eda216e5-77eb-4f40-ac11-32bf80dae1cd,1
edcb862c-581d-4a86-bd70-ab50a60eb04f,1
edd92229-2d47-48e2-a3cb-e9393af5d1f5,1
eddb08a2-d503-47dd-8c5c-52626e64c9bb,1
edde948c-fd73-46c2-bc4d-252b1c85c378,1
ede10dec-112c-497b-99f9-affbb307f97e,1
ede3d6bc-052c-4578-870b-8e8b5aad7e60,1
ede52fdd-5d1b-4f70-8ba6-b22aeac7f626,1
edf8c9b6-92f5-4033-ad47-8d149e4e363a,1
edfc08cb-94f9-45a2-a3b4-4973764d85f4,1
ef2466a0-3f3a-481f-904f-229e13c4dd56,1
ef731a3e-170c-4e14-b6bb-ada0f2d5e4ab,1
ef8eb0f9-68fa-4ef5-814c-8eeb722bd8ed,1
efdf1d28-38af-48c6-acb8-2c5f2ba3aace,1
efe39add-e7b8-4908-8315-49e9738c80aa,1
eff39be6-f4b4-426e-a62e-cfbddfb90e04,1
f0049a64-50be-41c4-9c4c-88841aa6517d,1
f015c01d-5cb0-475e-bf54-1896a0c11db4,1
f04281d5-e725-4d15-8556-2e7933b583e4,1
f04bed19-a824-49fe-b918-487efe2b09b9,1
f054d371-7e87-4b65-8a48-aeebb8ace5ff,1
f05b0517-c5a1-437d-b022-64bb6294c476,1
f0658560-353d-4a68-86f2-eec0ebf3a648,1
f068b873-773e-4ef8-9027-f5986aeda5f8,1
f0a85c07-6763-476c-8126-693896acc7f2,1
f0ada1ca-91b0-45cb-a208-6cbd57da189f,1
f0b0f91a-bc4f-4c55-94d2-96733b58216f,1
f0e8a7b5-3e86-40c1-87ff-841123262628,1
f0faaff5-4933-4ec7-8e95-f82414b76997,1
f0fd0289-79c7-415e-b4d5-444c6e60fd9c,1
f13bce0e-f776-4788-97f3-49c800ef7c4c,1
f15401d9-4c5e-47cd-87fa-5aee7d25c59d,1
f16acd37-3f2b-48cb-a79e-6be5a4cbdc0c,1
f16d1f5b-2b2e-4135-b6d7-554b87750030,1
f1a3f9a4-0a5b-4155-aa23-cd15ab34b871,1
f1be7000-5c89-4e33-b0f2-eed74740350c,1
f1c58354-9a67-4577-84d4-0ab9a6156bb3,1
f1d26344-d0c0-4c15-abe1-5cb0706714f5,1
f1e7bdf5-f18f-48ff-b1a9-7cebb9ab8172,1
f1ecec5e-92ab-4eb3-8724-952eb6dbccf1,1
f1fb76ec-69b6-4777-aecc-8277bca65721,1
f22c2d5f-4465-4049-86d2-e269ba22b732,1
f22e042a-b096-459f-97a9-c4e605ed9493,1
f23eaab0-cf52-4328-a432-3ff17a92d32a,1
f2481e10-7959-4bf1-b79d-889b39883de5,1
f256a4e7-1854-4342-8667-c04dc85c4f75,1
f2af53ce-9911-4bc5-be5f-fdc4b159d737,1
f2d380c0-a625-4c53-a25a-ae8f07441da4,1
f2da1b9d-3b81-48f4-b21d-fc079a26e5a1,1
f2f971e4-e7d2-49f4-9a95-0d04bad4a516,1
f3511a7d-b0e1-4fd3-a881-aa4abd35f028,1
f38122ea-8fb5-478a-a480-82f65091010f,1
f3b21d37-f45f-4e6d-9d9c-d2772c93f6c2,1
f3e04637-0bf5-42c9-a5b4-8fba397a7ca1,1
f3fd9cc1-aa4a-48d2-b93c-2316c7c045cf,1
f40e11ba-40cc-4185-b60b-f27c8936c1fc,1
f43a55f6-428e-48aa-af20-a0e48b8493c1,1
f43f34b6-5d3f-4cc9-ba5f-068664c578d8,1
f44ad858-5557-430c-a1d5-cf09e4348b5b,1
f46cf48e-10c9-4b7e-aed6-f012666815bc,1
f47b456e-ad6f-47fe-8cb6-eac54465095a,1
f4a2ca67-a51b-4f44-9b53-5071d0f44cd2,1
f4f02e9d-d2dc-417c-8b67-303d4b7fe793,1
f5024876-2df0-43eb-93a3-3a5bd862a460,1
f5179279-ddb6-4c49-9381-684655827cc5,1
f540b697-2038-4349-9ac3-ab7d007c8da8,1
f55bc959-f092-43a7-b51c-e0751bfccf89,1
f563cef5-6ea7-40e3-8fb7-a046308e5a23,1
f5696941-c4a7-4038-90b5-d39c25e88568,1
f56adf11-3b2c-4f1f-adb6-a3bd5e4309d4,1
f57afbfc-16dc-4799-b126-bbb59e0c911a,1
f57beed9-01c1-4279-ae48-b3eece1d8db2,1
f5936599-3f81-43fe-984f-0706247cbb02,1
f5c76766-f329-4cb0-98aa-fa49abb78607,1
f5d90b28-b955-4eaf-91af-8ac5d99a578a,1
f64a083c-00c1-46a9-b0bd-737ebd95cd6b,1
f658716b-35b2-475a-85fd-abac58a008a8,1
f6870a4e-813d-4400-9e6c-0903b706c5ee,1
f6de0bf7-d5c2-48b9-91e3-8f9a592ea6d2,1
f7154cea-7587-4f7b-8a3d-c17f5ed0b9a0,1
f7989805-f461-4527-a1de-11ba5b4e9b31,1
f7c32f84-9faf-48ee-9f27-8c80b5293d66,1
f7d66200-baf9-41e7-9dab-2a3a67f8f2d4,1
f7e4ab79-fba1-4702-b627-f4187aea9db6,1
f7e66230-2855-404d-867a-5bd68b0b323e,1
f7f74996-2f20-4112-af40-cc9b98dcf4f7,1
f816a098-ea9a-491c-a65f-561dfd98869d,1
f8213c40-b500-49b4-85fe-d64279bf133a,1
f831de64-f263-42f2-a987-90cb23176485,1
f87195b7-b180-4f4b-920e-1ff19b35a234,1
f89c0722-edb9-45f5-bc0a-db37ede66a3c,1
f89c9561-b8af-452b-a029-a2c5a80b0c0d,1
f8e02122-8206-4c68-bf98-d83a9d36a9f9,1
f8f025a3-0ea0-4e32-931a-756aa945c03e,1
f8f6e387-fbfc-40c6-b8b8-8f5256ea304b,1
f903ee7c-f2eb-4e13-af0e-705259cbc048,1
f9a05e68-3924-4250-bffe-4e725563a10f,1
f9bc65ac-99c8-4767-af01-cb2eb18efcaf,1
f9c38f9a-f28f-4ac5-9c06-c7ac3a2c69ea,1
f9e0399b-f68b-431e-adc9-55b1f16672f4,1
fa262490-0e1c-4f3b-8226-eae81eae24cf,1
fa384993-450b-4952-828a-68657f27c291,1
fa410fa5-9ebf-4187-b2f3-24e5aebe4fe1,1
fae288dc-ca9d-4fb2-b378-dfd0a69337d2,1
faf2fca5-8096-48c4-a011-cfd59a5761a5,1
fb4c0dce-4901-4cc1-9052-245dfb82a6d1,1
fb7bea41-f3c3-44be-a52e-031161cb403e,1
fbb49bb2-eb1f-4bec-96f4-7bbbf4814cea,1
fbb5776e-45cb-42aa-8881-7494f9b23bdc,1
fbeb7efc-13e3-4ae8-af13-65cf90fbfb85,1
fc49819b-4e91-4bed-804c-cf2195be9441,1
fc69a4bf-ec7e-409a-8504-f6d17881f8e8,1
fc722462-2659-448e-afdf-0b0fca717df2,1
fd09271c-2d37-4c42-9583-76dda091ac98,1
fd21ad1b-e360-4e68-847d-4cdc7c0b7bed,1
fd3adc32-b44d-434b-bde9-04df11ef7752,1
fd4c8b55-7ddb-439b-875b-95fa48572a21,1
fd914797-b85c-4ba6-85ec-f3d3ed6d47d4,1
fdd317ef-73e9-48b3-a1f9-89b48fa5db87,1
fdf56f8f-8cde-46cc-8511-f35695c1e889,1
fe0de5ac-921b-4957-97e2-d6cef0a1ed01,1
fe3f6d02-bc8f-48c9-98fb-49c9ad559ec5,1
fe43cf19-8376-4df5-a3fa-0d6b1c12330d,1
fe5f77be-b52e-4026-8b9d-83b70eed5e80,1
fe7dea4f-4094-4424-99ad-8b3639034a26,1
fe8f3aea-9a52-477c-adcc-5804ea953361,1
fe93ee9c-9996-4474-86a3-2d84f9e73e60,1
fea88495-9c58-4fb4-9c51-2c703ac73b62,1
feadf1c6-2609-485b-9c38-339291596842,1
feb11480-2f3e-4806-b42f-1de6bb0eaa7e,1
fed9f5c6-9c25-4d6a-9933-2a9509889e16,1
fef93642-347c-4f92-a6c2-43df5b35c3b8,1
ff033abb-829b-4dcc-9eb3-6af959c8f438,1
ff1e1dce-c7c1-4ddf-baea-f3dbc0916d55,1
ff54a47f-7c17-457b-ae63-25e1884cbf2f,1
ff756ff4-856b-4d5c-9bef-2b84d1f869e3,1
ffd75a28-ccb7-4f02-8d89-27de86826349,1
